"docket","court","nos","jur_fq","jur_div","jur_supp","remove","counterclaim","cfaa","patent","copyright","lanham","antitrust","rico","otherfed","statets","contract","fiduciary","goodfaith","unfaircomp","conversion","interfere","unjenrich","fraud","statecomp","conspiracy","otherstate","technical","customer","businfo","software","formula","negativets","employee","buspartner","otherdef","foreigndef","country","acquire","disclose","use","hacking","nda","noncompete","tro","pi","exparte"
"0:16-CV-02011","MND",410,1,0,1,0,0,0,1,0,0,0,0,0,1,1,0,1,1,1,1,1,1,0,0,1,1,0,1,0,0,0,0,1,0,0,"",0,1,1,0,1,0,5,1,1
"0:16-CV-02290","MND",190,1,0,0,0,0,0,0,0,0,0,0,0,0,1,1,1,0,1,1,1,0,0,1,1,1,0,1,1,0,0,1,0,0,0,"",1,1,1,0,1,0,1,1,1
"0:16-CV-02671","MND",190,1,0,1,0,0,0,0,0,0,0,0,0,1,0,1,0,0,0,1,1,0,0,0,1,0,0,0,1,0,0,1,0,0,0,"",0,1,1,0,0,1,2,1,1
"0:16-CV-03065","MND",190,1,1,1,0,0,0,0,0,0,0,0,0,1,1,1,0,0,0,1,0,0,0,0,0,0,1,1,0,0,0,1,0,0,0,"",1,1,1,0,1,0,1,1,1
"0:16-CV-03143","MND",840,1,1,1,0,0,0,0,0,1,0,0,0,1,1,0,0,1,0,1,0,0,0,0,1,1,0,1,1,0,0,0,0,1,0,"",1,0,1,1,0,1,1,1,1
"0:16-CV-03899","MND",190,1,1,1,0,0,0,0,0,0,0,0,0,1,1,0,0,1,1,1,1,0,0,1,1,1,1,1,0,0,0,1,0,0,0,"",0,1,1,0,1,1,1,1,1
"0:17-CV-01034","MND",190,1,0,1,0,0,0,0,0,0,0,0,0,0,1,0,0,1,1,0,1,0,0,0,0,0,0,0,0,0,0,0,0,1,0,"",0,0,1,0,0,0,1,1,1
"0:17-CV-01212","MND",190,1,0,1,1,0,0,0,1,1,0,0,0,1,1,0,0,1,1,1,0,0,0,0,1,0,0,0,0,0,0,1,0,0,0,"",1,1,1,0,1,0,3,3,1
"0:17-CV-60061","FLSD",890,1,0,1,0,0,0,0,0,0,0,0,0,0,1,0,0,0,1,0,0,0,0,0,0,1,0,0,0,1,0,0,1,0,0,"",0,0,1,0,0,0,1,3,1
"0:17-CV-60925","FLSD",830,1,1,1,0,0,0,1,0,1,0,0,0,0,1,1,0,1,0,1,1,0,0,0,0,1,1,1,0,0,0,1,0,0,0,"",0,1,1,0,1,1,2,2,1
"1:15-CV-00211","NYSD",190,1,1,1,0,1,0,0,1,0,0,0,0,1,1,0,1,1,0,1,0,0,0,0,0,0,1,0,1,0,0,0,1,0,1,"Mauritius",1,1,1,0,1,0,1,2,1
"1:16-CV-00009","MTD",190,0,1,0,0,0,0,0,0,0,0,0,0,1,0,1,0,0,1,1,0,0,0,0,1,1,1,1,0,0,0,1,0,0,0,"",0,0,1,0,0,0,1,1,1
"1:16-CV-00033","IAND",840,1,1,0,0,0,0,0,0,0,0,0,0,1,0,0,0,0,1,0,1,0,0,0,0,1,0,0,0,0,0,0,1,0,0,"",1,1,1,0,0,0,1,1,1
"1:16-CV-00078","UTD",840,1,0,1,0,0,0,0,0,1,0,0,0,1,1,0,0,1,0,0,0,0,0,0,0,0,0,0,0,1,0,0,1,0,0,"",0,1,1,0,1,1,1,2,1
"1:16-CV-00125","INND",190,1,1,0,0,0,0,0,0,0,0,0,0,1,1,0,0,1,0,1,0,0,0,0,0,0,1,1,0,0,0,1,0,0,0,"",1,1,1,0,1,1,2,3,1
"1:16-CV-00173","UTD",190,0,0,1,0,0,0,0,0,0,0,0,0,1,1,0,1,0,0,0,1,1,0,0,1,0,0,1,0,0,0,0,1,0,0,"",0,0,1,0,1,0,1,1,1
"1:16-CV-00198","IAND",190,1,1,1,0,0,1,0,0,0,0,0,0,1,1,1,0,0,0,1,0,0,0,1,1,0,0,1,0,0,0,1,0,0,0,"",1,1,1,0,1,1,2,2,1
"1:16-CV-00344","DED",190,1,1,0,0,0,0,0,0,0,0,0,0,1,1,0,1,0,1,0,1,0,0,0,1,1,0,0,1,0,0,0,1,0,0,"",0,1,1,0,0,0,1,1,1
"1:16-CV-00353","NDD",790,1,1,1,0,0,0,0,0,0,0,0,0,1,1,1,0,0,1,1,1,0,0,0,0,1,1,1,0,1,0,1,0,0,0,"",1,1,1,1,1,1,1,1,1
"1:16-CV-00365","OHSD",380,1,1,1,0,0,0,0,0,0,0,0,0,1,1,0,0,0,0,0,0,0,0,0,1,0,0,0,0,1,0,1,0,0,0,"",1,1,1,0,1,0,1,1,1
"1:16-CV-00442","TNED",890,1,0,1,0,0,0,0,0,0,0,0,0,1,1,1,0,0,0,1,0,0,0,0,0,0,1,1,0,0,0,1,0,0,0,"",0,1,1,0,1,0,3,1,2
"1:16-CV-00443","DED",830,1,0,1,0,0,0,1,0,0,0,0,0,1,0,0,0,0,0,0,0,0,0,0,0,0,1,1,1,0,0,1,0,0,0,"",1,0,1,0,1,0,1,1,1
"1:16-CV-00474","DED",890,1,0,1,0,0,0,0,0,0,0,0,0,1,1,1,1,1,1,0,1,1,0,1,1,1,0,0,0,0,0,0,1,0,0,"",1,1,1,0,1,0,1,1,1
"1:16-CV-00506","TNED",890,1,0,1,0,0,1,0,0,0,0,0,0,1,0,0,0,0,0,1,0,0,0,0,0,0,1,1,0,0,0,1,0,0,0,"",1,1,1,0,1,0,1,1,1
"1:16-CV-00526","ALSD",190,1,1,1,0,0,0,0,0,0,0,0,0,0,1,1,0,0,0,1,0,0,0,1,1,1,0,1,0,0,0,1,0,0,0,"",1,1,1,0,1,0,3,5,1
"1:16-CV-00661","DED",840,1,0,1,0,0,0,0,0,1,0,0,0,1,1,0,0,1,0,0,0,0,0,0,0,0,1,0,0,0,0,1,0,0,0,"",1,1,1,0,1,0,1,3,1
"1:16-CV-00833","NMD",190,1,0,1,0,0,0,0,0,0,0,0,0,1,1,0,0,0,0,1,0,0,0,1,0,0,1,1,0,0,0,1,0,0,0,"",0,1,1,0,1,1,2,3,1
"1:16-CV-00907","VAED",890,0,1,0,0,0,0,0,0,0,0,0,0,1,1,0,0,0,0,1,0,1,0,1,0,1,0,1,0,0,0,0,1,0,0,"",1,0,1,0,1,1,2,2,1
"1:16-CV-00929","DED",890,1,1,1,0,0,0,0,0,1,0,0,0,1,1,0,0,0,0,0,1,0,0,0,0,1,0,0,0,1,0,0,0,1,0,"",1,0,1,0,0,1,1,1,1
"1:16-CV-00968","TXWD",890,1,0,1,0,0,0,0,0,0,0,0,0,1,0,1,0,0,0,0,0,0,0,1,1,0,0,0,1,0,0,0,1,0,0,"",1,1,1,0,0,0,1,2,1
"1:16-CV-01063","OHSD",470,1,0,1,0,0,0,0,0,0,0,1,0,1,1,1,0,1,1,1,1,0,0,1,1,1,1,1,0,1,0,1,1,0,0,"",0,1,1,0,1,1,4,4,1
"1:16-CV-01085","ARWD",890,1,1,0,0,0,1,0,0,0,0,0,0,1,1,1,0,0,0,1,1,0,0,0,0,1,1,1,0,1,0,1,0,0,0,"",0,1,1,0,1,0,2,3,1
"1:16-CV-01109","TXWD",370,1,0,1,0,0,1,0,0,0,0,0,0,1,1,0,0,0,1,0,0,0,0,0,1,1,0,0,1,0,0,1,0,0,0,"",1,1,1,1,1,1,1,5,1
"1:16-CV-01125","DED",890,1,0,1,0,0,0,0,0,0,0,0,0,1,0,0,0,1,0,1,0,0,0,0,1,1,0,0,0,0,0,0,0,1,0,"",1,1,1,0,0,0,2,1,1
"1:16-CV-01137","OHSD",830,1,0,1,0,0,0,1,0,1,0,0,0,1,1,0,0,1,0,0,0,0,0,0,0,1,0,0,0,0,0,0,1,0,0,"",0,1,1,0,1,1,1,1,1
"1:16-CV-01295","VAED",890,1,0,0,0,0,0,0,0,0,0,0,0,0,1,0,0,0,0,0,0,0,0,0,0,0,1,1,0,0,0,1,0,0,0,"",1,0,0,0,1,0,1,1,1
"1:16-CV-01542","VAED",890,1,1,1,0,0,0,0,0,0,0,0,0,1,1,1,0,0,0,0,0,0,0,0,0,1,0,0,0,0,0,1,0,0,0,"",1,1,0,0,1,0,3,5,1
"1:16-CV-01728","OHND",790,0,1,0,0,0,0,0,0,0,0,0,0,1,0,1,0,0,0,1,0,0,0,1,0,0,1,1,0,0,0,1,0,0,0,"",1,1,1,0,0,0,1,1,1
"1:16-CV-01811","GAND",190,1,1,1,0,0,0,0,0,0,0,0,0,1,1,0,0,0,0,1,0,0,0,0,0,1,0,1,0,0,0,1,0,0,0,"",1,1,1,0,1,1,2,5,1
"1:16-CV-01865","COD",890,1,0,1,0,0,1,0,0,0,0,0,0,1,0,1,0,0,1,1,1,1,0,1,1,0,1,1,0,0,0,1,0,0,0,"",1,1,1,0,1,0,1,1,1
"1:16-CV-01961","COD",190,1,0,1,0,0,0,0,0,0,0,0,0,1,1,1,0,0,0,0,0,0,0,0,0,0,1,1,0,0,0,1,0,0,0,"",1,0,1,0,0,1,2,3,1
"1:16-CV-02039","PAMD",890,1,0,1,0,0,0,0,0,0,0,0,0,1,1,0,0,0,1,0,1,0,0,0,0,1,1,1,0,1,0,0,1,0,0,"",0,0,1,0,0,0,1,1,1
"1:16-CV-02052","COD",190,0,1,0,0,0,0,1,0,0,0,0,0,1,1,1,1,0,0,0,1,0,0,0,1,1,0,0,1,0,0,0,1,0,0,"",0,0,1,0,1,0,1,1,1
"1:16-CV-02302","INSD",190,1,1,0,0,0,0,0,0,0,0,0,0,1,1,1,0,0,1,1,0,0,0,0,0,0,1,1,0,0,0,1,0,0,0,"",1,1,1,0,1,1,1,1,1
"1:16-CV-02315","COD",890,1,0,1,0,0,0,0,0,0,0,0,0,1,0,0,0,0,0,1,0,0,0,0,0,1,1,1,1,0,0,1,0,0,0,"",0,1,1,0,1,1,1,5,1
"1:16-CV-02319","COD",820,1,0,0,0,0,0,0,1,0,0,0,0,1,1,0,0,0,0,1,0,0,0,0,0,0,0,1,0,0,0,0,1,0,0,"",1,0,1,0,0,0,1,1,1
"1:16-CV-02412","GAND",820,1,1,1,0,0,0,0,1,0,0,0,0,1,1,0,0,1,1,0,1,0,0,0,0,1,0,0,1,0,0,0,0,1,1,"Canada",0,1,1,0,0,0,1,5,1
"1:16-CV-02437","COD",470,1,0,1,1,0,0,0,0,0,0,1,0,1,0,1,0,0,0,0,0,1,0,1,1,1,1,0,0,0,0,1,0,0,0,"",1,1,1,0,0,1,1,1,1
"1:16-CV-02473","COD",190,1,1,1,0,0,0,0,0,0,0,0,0,1,1,1,0,1,0,1,0,0,0,0,1,1,1,1,0,0,0,1,0,0,0,"",1,1,1,0,1,1,2,3,1
"1:16-CV-02535","INSD",890,1,0,1,0,0,1,0,0,1,0,0,0,0,0,1,0,1,1,1,1,0,0,0,1,0,1,1,0,1,0,1,0,0,0,"",1,0,1,0,1,0,1,2,1
"1:16-CV-02905","OHND",890,1,0,1,0,0,0,0,0,0,0,0,0,0,0,1,0,0,1,1,0,0,0,0,0,0,1,1,0,0,0,0,1,0,0,"",1,0,1,0,0,0,1,1,1
"1:16-CV-03094","COD",190,1,1,1,0,0,1,0,0,0,0,0,0,1,1,1,0,0,0,1,0,0,0,0,0,1,1,1,0,0,0,1,0,0,0,"",1,1,1,0,1,1,1,5,1
"1:16-CV-03272","GAND",840,1,1,1,0,0,0,0,0,1,0,0,0,1,0,0,0,1,0,0,0,0,0,0,0,0,0,0,0,0,0,0,0,1,0,"",0,1,1,0,0,0,1,1,1
"1:16-CV-03545","ILND",830,1,0,1,0,0,0,1,0,0,0,0,0,1,0,0,0,0,0,1,0,0,0,0,0,1,0,1,0,0,0,1,0,0,0,"",1,1,1,0,0,0,1,1,1
"1:16-CV-03557","GAND",190,1,0,1,0,0,1,0,0,0,0,0,0,1,1,1,0,0,0,1,0,0,1,1,1,0,1,1,0,0,0,1,0,0,0,"",1,1,1,0,1,0,2,2,1
"1:16-CV-03975","NYED",190,1,0,1,0,0,1,0,0,0,0,0,0,1,1,0,0,1,0,1,0,0,0,0,0,1,0,1,0,0,0,0,1,0,0,"",1,1,1,0,1,1,3,5,1
"1:16-CV-04056","ILND",890,1,0,1,0,0,0,0,0,0,0,0,0,1,1,0,0,1,0,1,0,0,0,0,0,0,0,0,1,0,0,0,1,0,0,"",0,1,1,0,1,0,1,1,1
"1:16-CV-04114","GAND",840,1,0,1,0,0,0,0,0,1,0,0,0,1,1,0,0,0,0,1,0,0,0,0,0,1,0,1,1,0,0,0,1,0,0,"",1,1,1,0,1,1,1,1,1
"1:16-CV-04524","NJD",190,1,0,1,0,0,0,0,0,0,0,0,0,1,1,1,1,1,0,1,1,0,0,0,1,0,1,1,0,0,0,1,1,0,0,"",1,1,1,0,1,0,1,1,1
"1:16-CV-04969","NYED",190,1,1,1,0,0,0,0,0,0,0,0,0,0,1,0,0,1,0,0,0,0,0,0,0,0,1,1,0,0,0,1,0,0,0,"",0,0,1,0,1,1,3,3,1
"1:16-CV-05171","NYSD",890,1,0,1,0,0,0,0,0,0,1,0,0,1,1,0,1,1,0,1,1,0,0,0,0,0,1,0,0,0,0,0,1,0,0,"",0,1,1,0,1,0,1,1,1
"1:16-CV-05297","NYSD",820,1,1,0,1,0,0,0,1,0,0,0,0,1,1,0,0,0,0,0,0,0,0,0,0,0,0,1,0,0,0,0,1,0,0,"",0,0,1,0,1,0,1,1,1
"1:16-CV-05438","NYSD",890,1,1,1,0,0,1,0,0,0,0,0,0,1,1,1,0,1,1,1,0,0,1,0,0,0,1,1,1,0,0,1,0,0,1,"United Kingdom",1,1,1,1,1,0,1,1,1
"1:16-CV-05878","NYSD",890,1,0,0,0,0,0,0,0,0,0,0,0,0,0,0,0,0,0,0,0,0,0,0,0,0,1,1,0,0,0,1,0,0,0,"",1,1,0,0,1,0,3,1,3
"1:16-CV-05943","NYED",450,1,0,1,0,0,0,0,0,0,0,0,0,0,1,0,0,0,1,1,1,0,0,0,0,0,1,1,0,0,0,0,1,0,0,"",0,1,1,0,1,0,1,3,1
"1:16-CV-06003","ILND",890,1,0,1,0,0,0,0,0,0,0,0,0,1,1,0,0,0,0,0,1,0,0,0,1,1,0,1,0,0,0,0,1,0,0,"",1,1,1,0,1,0,1,1,1
"1:16-CV-06010","ILND",190,1,0,1,0,0,1,0,0,0,0,0,1,1,0,0,0,0,0,0,0,0,0,0,0,0,0,1,0,0,0,1,0,0,0,"",0,0,1,0,0,0,1,1,1
"1:16-CV-06113","ILND",890,1,1,1,0,0,1,0,0,0,0,0,0,1,1,1,0,0,0,1,0,0,0,0,1,0,1,1,0,0,0,1,0,0,0,"",1,1,1,0,1,1,1,1,1
"1:16-CV-06614","NYSD",820,1,1,1,0,0,0,0,1,0,0,0,0,0,1,0,0,0,0,0,0,0,0,0,0,0,0,0,0,0,0,0,1,0,0,"",0,0,1,0,1,0,1,1,1
"1:16-CV-06825","NYSD",190,0,1,0,0,0,0,0,0,0,0,0,0,1,1,0,0,0,0,1,0,0,0,0,0,0,1,0,0,0,0,1,0,0,0,"",0,0,1,0,1,1,1,2,1
"1:16-CV-06852","NYSD",890,1,1,1,0,0,0,0,0,0,0,0,0,1,0,0,0,1,1,1,1,0,0,1,0,1,0,0,0,0,0,0,1,0,0,"",1,1,0,0,1,0,1,1,1
"1:16-CV-06886","NYSD",190,1,0,1,0,0,0,0,0,0,0,0,0,1,1,0,0,1,1,0,0,0,0,0,1,0,1,1,0,0,0,0,1,0,0,"",0,1,1,0,0,1,1,1,1
"1:16-CV-06896","NYSD",190,1,1,1,0,0,0,0,0,0,0,0,0,1,1,1,0,1,0,1,0,1,0,0,1,0,1,1,0,0,0,1,0,0,0,"",0,0,1,0,1,1,1,1,1
"1:16-CV-07590","ILND",890,1,1,0,0,0,0,0,0,0,0,0,0,1,1,0,0,0,1,0,0,0,0,0,0,0,1,0,0,0,0,0,1,0,0,"",0,0,0,0,1,0,3,3,1
"1:16-CV-07693","ILND",190,1,1,1,0,0,0,0,0,0,0,0,0,1,1,0,0,0,1,0,0,0,0,0,0,1,0,0,0,0,0,1,0,0,0,"",1,1,1,0,1,1,1,1,1
"1:16-CV-07811","ILND",890,1,1,1,0,0,0,0,0,0,0,0,0,1,1,0,0,1,0,1,1,1,0,0,0,1,0,0,0,0,0,0,1,0,0,"",0,1,1,0,1,0,1,1,1
"1:16-CV-08624","NYSD",190,1,1,0,0,0,0,0,0,0,0,0,0,1,1,0,0,1,0,0,0,0,0,0,0,1,0,0,0,0,0,0,1,0,0,"",0,1,1,0,1,0,1,1,1
"1:16-CV-08746","NYSD",890,1,0,1,0,0,0,0,0,0,0,0,0,0,1,1,0,1,0,1,1,0,0,0,1,0,1,1,0,0,0,1,0,0,0,"",1,1,1,0,1,1,3,5,1
"1:16-CV-09298","NYSD",890,1,1,1,0,0,0,0,0,0,0,0,0,1,1,0,0,0,0,0,0,0,0,0,1,1,1,1,0,0,0,1,0,0,0,"",0,1,1,0,1,1,2,2,1
"1:16-CV-09380","ILND",890,1,0,1,0,0,1,0,0,1,0,0,0,1,1,1,0,1,1,1,0,0,0,1,0,0,1,1,0,0,0,0,1,0,0,"",1,1,1,0,1,1,1,1,1
"1:16-CV-09499","ILND",840,1,0,1,0,0,0,0,0,1,0,0,0,1,0,0,0,1,1,1,0,0,0,0,0,1,1,0,1,0,0,1,0,0,0,"",1,1,1,1,1,1,3,5,1
"1:16-CV-09620","ILND",840,1,0,1,0,0,0,0,0,1,0,0,0,1,1,0,0,0,0,0,1,0,0,0,1,0,0,0,0,0,0,0,1,0,0,"",0,0,1,1,0,0,1,1,1
"1:16-CV-09882","NYSD",820,1,0,1,0,0,1,0,1,0,0,0,0,1,0,1,0,1,1,1,0,0,0,0,1,0,1,1,1,0,0,0,1,0,0,"",1,1,0,0,1,0,1,1,1
"1:16-CV-09963","ILND",802,1,0,1,0,0,0,0,0,1,0,0,0,1,0,0,0,1,1,1,1,0,0,0,1,0,1,0,0,0,0,0,1,0,0,"",1,1,1,0,0,0,3,1,1
"1:16-CV-10468","ILND",890,1,1,1,0,0,0,0,0,0,0,0,0,1,1,0,0,0,0,0,0,0,0,0,0,1,1,1,0,1,0,1,0,0,0,"",0,1,1,0,1,0,1,5,1
"1:16-CV-10520","ILND",890,1,0,1,0,0,0,0,0,0,0,0,1,0,1,1,0,0,0,1,0,0,0,1,1,1,1,1,0,0,0,1,1,0,0,"",1,1,1,0,1,1,2,2,1
"1:16-CV-10552","ILND",890,1,0,1,0,0,0,0,0,0,0,0,0,1,1,1,0,0,0,0,0,0,0,0,0,0,1,1,0,0,0,1,0,0,0,"",0,1,1,0,1,1,1,1,1
"1:16-CV-10626","ILND",190,1,0,1,0,0,0,0,0,0,0,0,0,1,1,0,0,0,0,0,0,0,0,0,0,0,0,0,1,0,0,1,0,0,999,"See Notes",0,0,1,0,1,0,2,1,1
"1:16-CV-10703","ILND",890,1,1,1,0,0,0,0,0,0,0,0,0,0,1,1,0,0,0,1,0,0,0,0,0,1,1,0,0,0,0,1,0,0,0,"",1,1,1,0,1,0,1,1,1
"1:16-CV-10780","ILND",820,1,0,1,1,1,0,0,1,0,0,0,0,0,1,0,0,0,0,0,0,0,0,0,0,0,0,0,1,0,0,0,1,0,0,"",0,1,1,0,0,0,1,1,1
"1:16-CV-11163","ILND",840,1,0,1,0,0,0,0,0,1,0,0,0,1,0,1,0,1,0,0,0,0,0,0,0,0,1,0,0,0,0,1,0,0,0,"",0,0,1,0,1,0,1,1,1
"1:16-CV-11390","ILND",190,1,1,1,0,0,0,0,0,1,0,0,0,0,1,0,0,0,0,1,0,0,0,0,0,0,1,1,0,0,0,1,0,0,0,"",1,1,1,0,1,1,1,2,1
"1:16-CV-11468","ILND",190,1,1,1,0,0,0,0,0,0,0,0,0,1,1,1,0,0,1,0,0,0,0,0,0,0,1,1,0,0,0,1,0,0,0,"",0,1,1,0,1,1,3,3,1
"1:16-CV-11532","ILND",890,1,0,1,0,0,0,0,0,0,0,0,0,1,1,1,0,0,0,0,0,0,0,0,1,1,1,1,0,0,0,1,0,0,0,"",1,1,1,0,1,0,2,5,1
"1:16-CV-11752","ILND",840,1,0,1,0,0,0,0,0,1,0,0,0,1,1,1,0,1,0,0,0,1,0,0,0,0,0,0,1,0,0,1,0,0,0,"",1,0,1,0,1,0,1,1,1
"1:16-CV-12146","MAD",890,1,1,0,0,0,0,0,0,0,0,0,0,1,0,0,0,1,0,0,0,0,0,0,0,0,1,1,0,0,1,0,1,0,0,"",0,1,1,0,0,0,1,1,1
"1:16-CV-12149","MAD",890,1,1,0,0,0,0,0,0,0,0,0,0,0,0,0,0,0,0,0,0,0,0,0,1,1,0,1,1,0,0,0,1,0,0,"",0,1,0,0,1,0,5,3,1
"1:16-CV-12288","MAD",890,1,1,1,0,0,0,0,0,0,0,0,0,1,1,1,0,0,0,1,0,0,0,0,1,1,1,1,0,0,0,1,0,0,0,"",0,1,1,0,1,1,1,2,1
"1:16-CV-12329","MAD",890,1,1,1,0,0,0,0,0,0,0,0,0,0,1,0,1,0,0,1,0,0,0,0,0,0,1,1,0,0,0,1,0,0,0,"",1,1,1,0,1,1,1,2,1
"1:16-CV-12474","MAD",890,1,1,1,0,0,1,0,0,0,0,0,0,1,1,1,0,1,1,1,0,0,0,0,1,1,1,0,0,0,0,1,0,0,0,"",1,1,1,0,1,0,1,1,1
"1:16-CV-21731","FLSD",890,1,1,0,0,0,0,0,0,0,0,0,0,1,0,0,0,0,0,0,0,0,0,0,0,0,0,1,0,0,0,0,0,1,0,"",1,1,0,0,0,0,1,1,1
"1:16-CV-21746","FLSD",890,1,0,1,0,0,0,0,0,0,0,0,0,1,1,0,0,0,1,1,0,0,0,0,0,0,1,1,0,0,0,1,0,0,0,"",1,1,0,0,0,0,1,3,1
"1:16-CV-23300","FLSD",890,1,0,1,0,0,0,0,0,0,0,0,0,0,0,1,0,0,0,0,0,0,0,0,1,0,0,1,0,0,0,1,0,0,0,"",1,1,1,0,0,0,3,1,2
"1:16-CV-24417","FLSD",840,1,1,1,0,0,0,0,0,1,0,0,0,1,0,0,1,1,0,1,1,0,0,1,1,0,1,1,0,0,0,1,1,0,1,"Colombia",1,1,1,0,1,1,1,1,1
"1:16-CV-24504","FLSD",840,1,0,0,0,0,0,0,0,0,0,0,0,0,0,1,0,1,1,0,0,0,0,0,1,0,1,1,0,0,0,1,0,0,0,"",1,0,1,0,0,0,1,1,1
"1:17-CV-00014","DED",830,1,0,1,0,0,0,1,0,0,0,0,0,1,1,0,1,0,0,0,1,0,0,0,0,1,1,1,0,1,0,0,0,1,0,"",1,0,1,0,0,0,1,2,1
"1:17-CV-00016","FLND",820,1,0,1,1,0,1,0,1,1,0,0,0,1,0,0,0,1,0,0,0,1,0,0,1,0,1,0,0,0,0,1,0,0,0,"",1,0,1,0,0,0,1,5,1
"1:17-CV-00050","OHND",190,1,1,0,0,0,0,0,0,0,0,0,0,1,1,0,0,0,1,0,0,0,0,0,0,0,1,1,0,0,0,0,1,0,0,"",1,0,0,0,0,0,5,5,1
"1:17-CV-00101","PAWD",890,1,0,1,0,0,0,0,0,0,0,0,0,1,0,1,0,1,1,1,0,0,0,0,0,0,1,1,0,0,0,1,0,0,0,"",0,1,1,0,0,0,1,1,1
"1:17-CV-00120","NHD",190,1,0,1,0,0,0,0,0,0,0,0,0,1,1,1,0,1,1,1,0,0,0,0,0,1,1,0,1,0,0,1,0,0,0,"",1,1,1,0,1,0,1,1,1
"1:17-CV-00146","DED",890,1,0,1,0,0,0,0,0,0,0,0,0,0,1,0,0,0,0,1,0,0,0,0,0,0,0,0,0,1,0,0,1,0,0,"",1,0,1,0,1,0,2,2,1
"1:17-CV-00147","NYED",830,1,0,1,0,0,0,1,0,0,0,0,0,1,0,0,0,1,0,0,0,0,0,0,0,1,0,0,1,0,0,0,1,0,0,"",1,0,1,0,1,0,1,1,1
"1:17-CV-00152","TXWD",890,1,1,1,0,0,1,0,0,0,0,0,0,1,1,1,0,0,0,0,0,0,0,0,1,0,1,1,0,0,0,1,0,0,0,"",0,1,1,0,1,1,1,3,1
"1:17-CV-00159","VAED",890,1,0,1,0,0,1,0,0,0,0,0,0,1,0,1,0,0,1,1,0,0,1,0,1,0,1,1,0,0,0,1,0,0,0,"",0,1,1,0,0,0,3,3,1
"1:17-CV-00161","DED",890,1,1,1,0,0,0,0,0,0,0,0,0,0,0,1,0,0,0,1,1,0,0,1,1,1,0,1,0,0,0,1,0,0,0,"",1,1,1,0,0,0,1,1,1
"1:17-CV-00186","VAED",890,1,0,1,0,0,0,0,0,0,0,0,0,1,1,1,0,1,1,1,1,0,0,1,1,0,1,1,0,0,0,1,0,0,0,"",1,1,1,0,1,0,1,1,1
"1:17-CV-00210","COD",470,1,1,1,0,0,0,0,0,0,0,1,0,0,1,0,0,0,0,1,0,1,0,0,1,1,0,0,1,1,0,0,1,0,0,"",1,0,0,0,0,0,4,4,1
"1:17-CV-00224","DED",890,1,1,1,0,0,0,0,0,0,0,0,0,1,1,0,0,0,0,0,0,0,0,0,0,1,0,0,0,0,0,1,0,0,0,"",1,1,1,0,1,0,5,3,1
"1:17-CV-00232","VAED",890,1,0,0,0,0,0,0,1,0,0,0,0,0,1,1,0,0,0,1,0,1,0,1,0,0,0,0,1,0,0,1,1,0,0,"",1,1,0,0,1,0,1,1,1
"1:17-CV-00241","NYSD",890,1,1,0,0,0,0,0,0,0,0,0,0,0,1,0,1,1,1,1,1,1,0,0,0,0,0,1,0,0,0,0,1,0,0,"",1,1,1,0,1,0,1,1,1
"1:17-CV-00255","VAED",890,1,0,1,0,0,0,0,0,0,0,0,0,1,1,1,0,0,0,1,0,0,0,0,0,1,1,1,1,0,0,1,0,0,0,"",0,0,1,0,1,1,1,1,1
"1:17-CV-00257","VAED",890,1,0,1,0,0,1,0,0,0,0,0,0,1,1,1,0,0,1,1,0,0,1,0,0,0,1,1,0,0,0,1,0,0,0,"",1,1,1,1,1,1,1,1,1
"1:17-CV-00323","VAED",380,1,1,0,0,0,0,0,0,0,0,0,0,1,0,1,0,0,1,1,0,0,0,1,0,0,1,1,0,0,0,1,0,0,0,"",0,0,1,0,0,0,1,1,1
"1:17-CV-00365","PAMD",190,1,0,1,0,0,1,0,0,0,0,0,0,1,1,1,0,0,1,0,0,0,0,0,1,0,1,0,0,0,0,1,0,0,0,"",1,1,0,0,1,1,3,5,1
"1:17-CV-00405","VAED",190,1,0,1,0,0,1,0,0,0,0,0,0,1,0,0,0,0,0,1,0,0,0,1,1,0,1,1,0,0,0,0,0,1,0,"",1,1,1,1,0,0,1,1,1
"1:17-CV-00412","VAED",890,1,0,1,0,0,0,0,0,0,0,0,0,1,1,1,0,0,0,1,0,0,0,1,0,1,0,1,0,0,0,1,0,0,0,"",1,1,1,0,1,1,1,1,1
"1:17-CV-00443","INSD",190,1,1,1,0,0,0,0,0,0,0,0,0,0,1,1,0,0,1,1,1,1,0,0,1,0,1,1,0,0,0,0,1,0,0,"",1,0,1,0,1,1,1,1,1
"1:17-CV-00470","COD",890,1,1,1,0,0,0,0,0,0,0,0,0,1,1,1,0,0,0,0,0,0,0,0,0,1,1,1,0,0,0,1,0,0,0,"",0,1,1,0,1,1,1,1,1
"1:17-CV-00523","VAED",890,1,1,0,0,0,1,0,0,0,0,0,0,1,1,0,0,0,1,0,0,0,0,0,0,0,0,1,0,0,0,1,0,0,0,"",0,1,1,0,1,1,1,1,1
"1:17-CV-00589","NYSD",890,1,0,1,0,0,0,0,0,0,0,0,0,1,1,1,0,1,0,1,1,0,0,0,1,0,1,1,1,0,0,1,0,0,0,"",1,1,1,0,1,1,1,1,1
"1:17-CV-00666","ILND",380,1,1,1,0,0,0,0,0,0,0,0,0,0,0,0,0,0,1,0,0,0,0,0,0,0,0,1,0,0,0,1,0,0,0,"",1,1,1,1,0,0,1,1,1
"1:17-CV-00711","OHND",890,1,0,1,0,0,0,0,0,0,0,0,0,1,1,0,0,0,0,1,0,0,0,0,0,0,1,1,0,0,0,1,0,0,0,"",0,1,1,0,1,1,1,1,1
"1:17-CV-00800","COD",890,1,1,0,0,0,0,0,0,0,0,0,0,1,1,1,0,0,1,1,1,0,0,0,1,1,0,0,0,0,0,0,1,0,0,"",0,1,1,0,1,0,1,1,1
"1:17-CV-00803","COD",890,1,1,1,0,0,0,0,0,0,0,0,0,1,0,0,0,1,0,1,0,0,0,1,0,0,1,0,0,0,0,0,1,0,0,"",1,0,1,0,0,0,1,1,1
"1:17-CV-00846","NYSD",890,1,1,1,0,0,1,0,0,0,0,0,0,1,1,1,0,1,0,0,0,0,0,0,0,0,0,1,0,1,0,1,0,0,0,"",1,0,1,0,1,1,1,1,1
"1:17-CV-00864","OHND",190,1,0,1,0,0,0,0,0,0,0,0,0,1,0,0,0,1,0,1,1,0,0,0,1,0,0,1,0,1,0,0,0,1,0,"",1,1,1,0,0,0,1,1,1
"1:17-CV-00905","ILND",190,1,1,1,0,0,0,0,1,1,0,0,0,1,1,0,0,1,0,0,0,0,0,0,1,1,0,0,0,0,0,0,1,0,0,"",0,1,1,0,0,0,1,1,1
"1:17-CV-00923","ILND",190,1,1,1,0,0,1,0,0,0,0,0,0,0,1,1,0,0,1,1,0,0,0,0,1,1,1,1,0,0,0,1,0,0,0,"",1,0,1,0,0,0,1,1,1
"1:17-CV-00926","MDD",190,1,1,0,0,0,0,0,0,0,0,0,0,0,1,1,0,0,0,0,0,0,0,0,0,0,1,0,0,0,0,1,0,0,0,"",0,1,1,0,1,1,1,1,1
"1:17-CV-00937","ILND",890,1,0,1,0,0,0,0,0,0,0,0,0,1,1,1,0,0,1,0,0,0,0,0,0,1,1,1,0,0,0,1,0,0,0,"",1,1,1,0,1,0,2,2,1
"1:17-CV-00968","NYSD",890,1,1,1,0,0,0,0,0,0,0,0,0,1,1,1,0,1,0,1,0,0,0,1,1,0,1,1,1,0,0,1,0,0,0,"",0,1,1,0,1,1,1,1,1
"1:17-CV-01002","COD",890,1,0,1,0,0,0,0,0,0,0,0,0,1,1,1,1,0,1,1,0,0,0,0,1,0,1,1,0,0,0,1,0,0,0,"",1,0,1,0,1,1,1,1,1
"1:17-CV-01023","ILND",890,1,0,1,0,0,0,0,0,0,0,0,0,1,1,1,0,0,0,0,0,0,0,0,0,1,0,0,1,0,0,1,0,0,0,"",0,1,0,0,1,1,5,3,1
"1:17-CV-01055","MDD",890,1,0,1,0,0,0,0,0,0,0,0,0,1,1,0,0,0,0,0,0,0,0,0,0,0,1,0,0,0,0,1,0,0,0,"",0,1,1,0,1,1,1,1,1
"1:17-CV-01192","INSD",890,1,1,1,0,0,0,1,0,0,0,0,0,1,1,0,0,1,0,0,1,0,0,0,1,1,0,0,0,0,0,0,1,0,0,"",0,1,1,0,1,0,1,1,1
"1:17-CV-01248","MDD",190,1,1,0,0,0,0,0,0,0,0,0,0,1,1,1,0,0,0,1,0,0,0,1,1,0,1,1,0,0,0,1,0,0,0,"",1,1,1,0,1,0,4,4,1
"1:17-CV-01271","INSD",190,1,0,0,1,0,0,0,0,0,0,0,0,1,1,0,0,0,0,0,0,0,0,0,0,1,0,1,1,0,0,1,0,0,0,"",0,0,1,0,1,1,5,5,1
"1:17-CV-01564","ILND",190,1,1,1,0,0,0,0,0,0,0,0,0,1,1,0,0,1,0,0,0,0,0,0,0,0,1,0,0,0,0,1,0,0,0,"",1,1,1,0,1,1,1,5,1
"1:17-CV-01634","NYED",790,1,0,1,0,0,0,0,0,0,0,0,0,1,0,1,0,1,0,1,1,0,0,0,0,0,1,1,0,0,0,1,0,0,0,"",0,1,1,0,0,0,3,2,1
"1:17-CV-01803","NYSD",830,1,0,1,0,0,1,0,0,0,0,0,0,1,1,0,0,1,0,1,1,0,0,0,0,1,0,1,1,0,0,0,1,0,0,"",0,0,1,0,1,0,1,1,1
"1:17-CV-01946","ILND",890,1,1,1,0,0,0,0,0,0,0,0,0,1,1,0,0,1,0,1,0,0,0,1,0,0,1,1,0,0,0,1,0,0,0,"",0,1,1,0,1,1,1,1,1
"1:17-CV-01973","ILND",890,1,1,1,0,0,0,0,0,0,0,0,0,1,0,0,0,0,0,0,0,0,0,0,0,1,0,1,1,0,0,0,1,0,1,"China",1,1,1,0,1,0,1,1,1
"1:17-CV-02086","ILND",190,1,1,0,0,0,0,0,0,0,0,0,0,1,1,1,0,1,0,1,0,0,0,0,1,0,1,0,0,0,0,1,0,0,0,"",0,0,1,0,1,0,3,3,1
"1:17-CV-02099","NYSD",820,1,0,1,0,0,0,0,1,0,0,0,0,1,1,0,1,0,0,1,1,0,0,0,0,0,0,0,1,0,0,0,1,0,0,"",1,0,1,0,1,0,3,2,2
"1:17-CV-02154","ILND",890,1,0,0,0,0,0,0,0,0,0,0,0,0,0,0,0,0,0,0,0,0,0,0,0,0,1,1,0,0,0,1,0,0,0,"",0,1,1,0,0,0,5,3,1
"1:17-CV-02187","ILND",190,1,0,1,0,0,0,0,0,0,0,0,0,1,1,0,0,0,0,1,0,0,0,0,0,0,1,1,0,0,0,1,1,0,0,"",0,1,1,0,1,0,1,2,1
"1:17-CV-02292","NYSD",190,1,1,1,0,0,0,0,0,0,0,0,0,1,1,1,0,0,0,0,0,0,0,0,1,0,1,0,1,0,0,1,0,0,0,"",0,1,1,0,1,0,1,1,1
"1:17-CV-02404","ILND",890,1,1,0,0,0,0,0,0,0,0,0,0,0,1,0,0,0,0,1,0,0,0,0,0,0,1,0,0,0,0,1,0,0,0,"",0,1,1,0,1,1,3,5,1
"1:17-CV-02405","NYSD",890,1,1,1,0,0,1,0,0,0,0,0,0,1,1,1,0,0,0,1,0,0,0,0,0,0,1,1,0,0,0,1,0,0,0,"",0,1,1,0,1,1,1,2,1
"1:17-CV-02459","NYSD",890,1,0,1,0,0,0,0,0,0,0,0,0,1,1,0,0,0,0,0,0,0,0,0,0,0,1,1,0,0,0,1,0,0,0,"",0,0,1,0,1,0,5,3,1
"1:17-CV-02586","ILND",890,1,1,1,0,0,1,0,0,0,0,0,0,1,1,1,0,1,0,1,0,0,0,1,0,0,1,1,0,0,0,1,0,0,0,"",0,1,1,0,1,1,1,2,1
"1:17-CV-02684","NYSD",890,1,1,1,1,0,0,0,0,0,0,0,0,1,1,0,0,1,0,1,0,0,0,0,0,0,0,1,1,0,0,1,0,0,0,"",0,1,1,0,1,1,1,2,1
"1:17-CV-02831","ILND",890,1,1,1,0,0,0,0,0,0,0,0,0,1,1,0,0,0,0,1,0,0,0,0,0,0,1,0,0,0,0,1,0,0,0,"",0,1,1,0,1,0,4,3,1
"1:17-CV-03015","ILND",890,1,0,1,0,0,1,0,0,0,0,0,0,1,0,1,0,1,1,1,1,0,0,1,0,0,1,1,0,0,0,1,0,0,0,"",1,1,1,0,1,0,2,4,1
"1:17-CV-03041","ILND",890,1,0,1,0,0,0,0,0,0,0,0,0,1,1,0,0,0,0,0,0,0,0,0,0,0,1,1,0,0,0,1,0,0,0,"",1,1,1,0,1,1,5,1,1
"1:17-CV-03105","ILND",890,1,0,1,0,0,0,0,0,0,0,0,0,1,1,0,0,0,0,1,0,0,0,1,1,0,1,0,0,0,0,0,1,0,0,"",1,1,1,0,1,0,1,1,1
"1:17-CV-03243","ILND",190,1,0,1,0,0,1,0,0,0,0,0,0,1,1,1,0,0,1,0,0,0,0,0,0,0,1,1,0,0,0,1,0,0,0,"",1,1,1,0,1,0,1,1,1
"1:17-CV-03425","ILND",820,1,1,1,0,0,1,0,0,0,0,0,0,1,1,0,0,1,0,1,0,0,0,0,0,0,0,0,1,0,0,1,0,0,0,"",1,0,1,1,1,0,1,1,1
"1:17-CV-03533","NYSD",890,1,1,1,0,0,0,0,0,0,0,0,0,1,1,0,0,0,0,0,0,0,0,0,0,0,0,0,1,0,0,1,0,0,0,"",1,0,1,0,1,1,2,3,1
"1:17-CV-03548","NYSD",820,1,1,1,0,0,0,0,1,0,0,0,0,1,1,0,0,0,1,1,0,0,0,0,0,0,0,0,0,0,0,0,0,1,1,"Canada",1,1,1,0,1,0,1,1,1
"1:17-CV-10145","MAD",370,1,1,1,0,0,1,0,0,1,0,0,0,1,1,0,0,1,0,1,1,0,0,0,1,1,1,1,0,0,0,1,0,0,0,"",1,1,1,0,1,1,1,1,1
"1:17-CV-10404","MAD",190,1,1,1,0,0,0,0,0,0,0,0,0,0,1,0,0,1,0,1,0,0,0,0,0,0,1,1,0,0,0,1,0,0,0,"",1,1,1,0,1,0,1,1,1
"1:17-CV-10443","MAD",190,1,1,0,0,0,0,0,0,0,0,0,0,1,1,1,0,0,1,0,0,0,0,0,0,0,1,1,0,0,0,1,0,0,0,"",0,1,1,0,1,1,1,1,1
"1:17-CV-10459","MAD",190,1,1,1,0,0,0,0,0,1,0,0,0,1,0,0,1,1,0,0,0,0,0,0,0,0,1,0,1,0,0,0,1,0,0,"",0,0,1,0,1,0,1,1,1
"1:17-CV-10479","MAD",890,1,1,1,0,0,0,0,0,0,0,0,0,0,1,1,0,0,1,1,0,0,0,0,0,0,1,1,0,0,0,1,0,0,0,"",0,1,1,0,1,1,1,4,1
"1:17-CV-20678","FLSD",890,1,0,1,0,0,1,0,0,0,0,0,0,1,1,1,0,0,0,1,0,0,1,0,0,0,1,1,0,0,0,1,0,0,0,"",0,1,1,0,1,0,1,5,1
"1:17-CV-20901","FLSD",370,1,1,1,0,0,1,0,0,0,0,0,0,1,0,1,0,1,1,1,1,0,0,0,1,0,1,1,0,0,0,1,0,0,0,"",0,0,1,1,1,0,2,2,1
"2:13-CV-07161","NJD",840,1,0,1,0,0,0,1,0,1,0,0,0,1,1,0,1,1,0,1,0,0,0,0,0,0,0,0,1,0,0,1,0,0,0,"",1,1,1,0,0,1,2,2,1
"2:15-CV-10628","MIED",830,1,0,1,0,1,0,1,0,0,0,0,0,1,0,1,0,0,1,0,0,0,0,0,0,0,0,0,1,0,0,0,1,0,0,"",0,1,1,0,1,0,1,1,1
"2:16-CV-00097","TXND",190,1,1,0,0,0,0,0,0,0,0,0,0,1,1,1,0,0,0,1,0,0,0,1,0,0,0,1,0,0,0,1,0,0,0,"",1,1,1,0,1,0,3,2,1
"2:16-CV-00135","UTD",470,1,1,0,0,0,0,0,0,0,0,0,0,1,1,0,1,0,0,0,0,1,0,0,0,0,0,1,0,1,0,0,1,0,0,"",0,1,1,0,1,0,1,1,1
"2:16-CV-00142","GAND",190,1,0,1,0,0,0,0,0,0,0,0,0,1,1,1,0,0,0,0,0,0,0,0,0,0,0,0,1,0,0,1,0,0,0,"",1,1,1,0,1,0,3,3,1
"2:16-CV-00339","WAED",890,1,0,1,0,0,1,0,0,0,0,0,0,1,1,1,0,0,0,0,0,0,0,0,0,1,0,0,0,0,0,1,0,0,0,"",0,1,1,0,1,0,1,1,1
"2:16-CV-00433","WAED",190,1,1,1,0,0,0,0,0,0,0,0,0,0,1,1,0,0,1,0,1,0,0,0,0,0,1,1,0,1,0,1,0,0,0,"",1,1,1,0,1,1,1,3,1
"2:16-CV-00515","OHND",890,1,1,0,0,0,0,0,0,0,0,0,1,1,0,0,0,0,0,1,0,0,0,0,0,1,0,0,0,0,0,0,0,1,0,"",999,999,999,0,0,0,1,1,1
"2:16-CV-00524","INND",190,1,0,1,0,0,0,0,0,0,0,0,0,1,0,0,0,0,0,0,0,0,0,0,0,0,1,1,0,0,0,1,0,0,0,"",0,1,1,0,1,0,3,5,1
"2:16-CV-00602","VAED",830,1,1,1,0,0,0,1,0,0,0,0,0,1,1,0,0,0,1,0,0,1,0,0,1,1,0,1,1,0,0,0,0,1,0,"",1,1,1,0,1,0,1,1,1
"2:16-CV-00661","PAWD",890,1,1,0,0,0,1,0,0,0,0,0,0,0,0,0,0,0,1,0,0,0,0,0,0,0,1,0,0,0,0,0,1,0,0,"",1,0,1,1,0,0,2,2,1
"2:16-CV-00762","PAWD",830,1,0,1,0,0,0,1,0,0,0,0,0,1,1,0,0,0,0,0,1,0,0,0,1,1,0,0,0,0,0,0,1,0,0,"",0,1,1,0,1,0,1,2,1
"2:16-CV-00825","TXED",830,1,1,1,0,0,0,1,0,0,0,0,0,1,1,0,0,0,1,0,1,0,0,0,0,1,0,1,0,0,0,0,1,0,0,"",0,1,1,0,1,0,1,1,1
"2:16-CV-00830","TXED",840,1,0,1,0,0,0,0,0,1,0,0,0,1,0,0,0,0,0,0,0,0,0,0,0,0,0,0,1,0,0,0,0,1,0,"",1,1,0,0,0,0,5,3,1
"2:16-CV-01024","PAWD",890,1,0,1,1,0,1,0,0,0,0,0,0,1,1,1,0,0,1,1,1,0,0,1,0,0,1,1,0,0,0,1,0,0,0,"",1,0,0,0,1,1,1,5,1
"2:16-CV-01066","UTD",820,1,0,1,0,0,0,0,1,1,0,0,0,1,1,1,0,1,0,1,1,1,0,1,0,0,0,0,1,0,0,1,1,0,1,"Cayman Islands",1,1,1,0,1,1,2,5,1
"2:16-CV-01150","WAWD",890,1,0,1,0,0,1,0,0,0,0,0,0,1,0,1,0,1,1,1,1,0,0,1,1,0,0,1,0,0,0,1,0,0,0,"",1,1,1,0,1,0,3,3,1
"2:16-CV-01189","UTD",890,1,1,0,0,0,1,0,0,0,0,0,0,1,1,1,1,1,1,1,0,1,0,1,1,0,1,1,0,0,0,1,0,0,0,"",1,1,1,0,1,1,1,1,1
"2:16-CV-01214","TXED",830,1,0,0,0,0,0,1,0,0,0,0,0,1,0,0,0,0,0,0,0,0,0,0,0,1,0,0,0,0,0,0,0,1,0,"",1,1,1,0,1,0,1,1,1
"2:16-CV-01217","WAWD",190,1,1,0,0,0,0,0,0,0,0,0,0,1,0,0,0,0,0,0,0,0,0,0,1,1,0,1,1,0,0,0,1,0,0,"",0,1,0,0,0,0,3,3,1
"2:16-CV-01298","NVD",840,1,0,1,0,0,0,0,0,1,0,0,0,1,1,0,1,1,0,1,1,0,0,0,1,0,0,1,0,0,0,0,0,1,0,"",1,0,1,0,0,0,1,1,1
"2:16-CV-01341","PAWD",190,1,1,0,0,0,0,0,0,0,0,0,0,1,1,0,0,1,0,0,0,0,0,0,0,0,0,0,0,0,0,1,0,0,0,"",0,1,1,0,1,1,2,5,1
"2:16-CV-01481","PAWD",190,1,1,1,0,0,0,0,0,0,0,0,0,1,1,1,0,1,0,1,0,0,0,1,0,1,1,1,1,1,1,1,0,0,0,"",1,1,1,0,1,1,2,2,1
"2:16-CV-01798","CAED",890,1,1,0,0,0,0,0,0,0,0,0,0,1,0,1,0,0,0,0,0,0,1,0,0,0,1,1,0,0,0,1,0,0,0,"",1,1,1,0,0,0,1,3,1
"2:16-CV-01892","OKWD",890,1,1,1,0,0,0,0,0,0,0,0,0,1,1,1,0,1,1,1,1,0,0,1,1,1,1,1,0,0,0,1,0,0,0,"",1,1,1,0,1,1,3,3,1
"2:16-CV-02090","ALND",890,1,0,1,1,0,1,0,0,0,0,0,0,1,1,1,0,0,1,1,1,1,0,0,1,1,1,1,0,0,0,1,0,0,0,"",0,1,1,0,1,1,1,1,1
"2:16-CV-02526","NVD",370,0,1,0,0,0,0,0,0,0,0,0,0,0,1,1,1,0,0,1,0,1,0,0,0,0,0,1,0,0,0,1,0,0,0,"",0,0,1,0,0,0,1,1,1
"2:16-CV-02613","AZD",890,1,0,1,0,0,1,0,0,0,0,0,0,1,1,1,1,1,1,1,0,0,0,1,1,0,0,0,1,0,0,1,0,0,0,"",0,0,1,0,1,1,1,1,1
"2:16-CV-02678","AZD",840,1,0,0,1,1,0,0,0,1,0,0,0,1,1,0,0,0,1,1,0,1,0,0,1,0,0,0,1,0,0,0,1,0,0,"",1,1,0,0,0,0,1,1,1
"2:16-CV-02744","KSD",890,1,0,1,0,0,1,0,0,0,0,0,0,1,1,1,0,1,0,1,0,0,1,1,0,0,1,1,0,0,0,1,0,0,0,"",1,1,1,0,1,1,1,5,1
"2:16-CV-02767","PAED",190,1,1,1,0,0,0,0,0,1,0,0,0,1,1,0,0,1,1,1,0,0,0,1,1,1,0,0,0,1,0,0,1,0,0,"",0,0,1,0,1,1,1,2,1
"2:16-CV-03103","PAED",190,0,1,0,0,0,0,0,0,0,0,0,0,1,1,1,0,1,1,1,1,0,0,1,1,0,0,1,0,0,0,1,0,0,0,"",1,0,1,0,1,0,1,1,1
"2:16-CV-03259","AZD",890,1,1,1,0,0,0,0,0,0,0,0,0,1,0,0,0,1,0,1,1,0,0,0,0,0,1,0,0,0,0,0,0,1,0,"",1,0,1,1,0,0,1,1,1
"2:16-CV-03739","NYED",190,1,1,1,0,0,0,0,0,0,0,0,0,0,1,1,0,0,1,1,1,0,0,0,0,0,0,0,1,0,0,1,0,0,1,"India",1,0,1,0,0,0,1,1,1
"2:16-CV-04246","PAED",790,1,1,0,0,0,0,0,0,0,0,0,0,1,1,0,0,0,0,1,0,0,0,0,0,0,1,1,0,0,0,1,0,0,0,"",0,1,1,0,1,1,3,3,1
"2:16-CV-04479","AZD",820,1,1,1,0,0,0,0,1,0,0,0,0,1,1,0,1,1,0,0,1,0,0,0,1,0,0,0,1,0,0,0,1,0,0,"",0,1,1,0,0,1,1,1,1
"2:16-CV-04497","PAED",890,0,0,1,0,0,0,0,0,0,0,0,0,1,0,0,0,0,0,0,1,0,0,0,0,0,0,1,0,0,0,0,1,0,0,"",1,1,1,0,1,0,1,1,1
"2:16-CV-04504","AZD",190,0,1,0,1,0,0,0,0,0,0,0,0,1,1,0,1,1,0,1,0,1,1,0,1,1,0,0,0,1,0,1,0,0,0,"",0,1,1,0,1,1,1,1,1
"2:16-CV-04720","PAED",190,1,1,0,0,1,0,0,0,0,0,0,0,0,1,1,0,0,0,1,0,0,0,0,1,1,0,0,1,0,0,1,0,0,0,"",1,1,1,0,1,0,1,2,1
"2:16-CV-04939","CACD",890,1,0,1,0,0,0,0,0,0,0,0,0,1,1,1,0,0,0,1,0,0,0,0,0,0,1,0,0,0,0,1,0,0,0,"",0,1,1,0,1,1,2,5,1
"2:16-CV-05317","PAED",190,1,0,1,0,0,0,0,0,0,0,0,0,1,1,0,0,0,0,1,0,0,0,1,0,0,1,1,0,0,0,1,0,0,0,"",1,1,1,1,1,1,1,1,1
"2:16-CV-05514","PAED",890,1,1,0,0,0,0,0,0,0,0,0,0,1,1,0,0,0,0,0,0,0,0,0,0,0,0,0,1,0,0,0,1,0,0,"",0,1,1,0,1,0,2,2,1
"2:16-CV-05708","CACD",820,1,0,1,0,0,0,0,1,0,0,0,0,0,0,0,0,1,0,1,0,0,0,0,0,0,1,0,0,0,0,1,0,0,0,"",1,0,1,0,1,0,1,5,1
"2:16-CV-05750","CACD",890,1,1,0,0,0,0,0,0,0,0,0,0,1,1,0,1,0,0,0,0,0,0,0,0,1,0,0,1,1,0,0,1,0,0,"",1,1,1,0,1,0,2,5,1
"2:16-CV-06126","NJD",190,1,1,1,0,0,0,0,0,0,0,0,0,1,1,0,1,0,0,0,0,0,0,0,0,1,1,1,0,0,0,1,0,0,0,"",1,1,1,0,1,0,1,1,1
"2:16-CV-06223","NYED",830,1,0,1,0,0,0,1,0,0,0,0,0,1,0,0,0,0,1,1,0,0,0,0,0,1,0,1,0,0,0,0,1,0,1,"China",0,1,1,0,1,1,1,1,1
"2:16-CV-06257","CACD",890,1,0,1,0,0,1,0,0,0,0,0,0,1,0,0,0,1,0,0,0,0,1,0,0,0,1,0,0,0,0,0,0,1,999,"See Notes",1,0,0,1,0,0,1,1,1
"2:16-CV-06447","CACD",190,1,0,1,0,0,0,0,0,0,0,0,0,0,1,0,0,1,0,1,0,0,0,0,0,0,1,1,0,0,0,1,0,0,0,"",1,0,1,0,1,0,3,3,1
"2:16-CV-06617","NYED",830,1,0,1,0,0,0,1,0,0,0,0,0,1,0,0,0,0,1,1,0,0,0,0,0,1,0,0,0,0,0,0,1,0,0,"",1,0,1,0,1,0,1,1,1
"2:16-CV-06675","NJD",190,1,0,1,0,0,0,0,0,0,0,0,0,1,1,0,0,0,1,1,0,0,0,1,1,0,1,0,0,0,0,1,0,0,0,"",NA,1,0,1,1,0,1,1,1
"2:16-CV-07004","CACD",840,1,1,1,0,0,0,0,0,1,0,0,0,1,1,0,0,1,0,0,0,0,0,0,1,0,0,0,0,1,0,0,0,1,0,"",1,0,1,0,1,0,1,3,1
"2:16-CV-07155","CACD",890,1,0,1,0,0,0,0,0,0,0,0,0,1,0,0,0,1,0,0,0,0,0,0,0,0,1,0,0,0,0,0,1,0,0,"",1,0,1,1,0,0,1,1,1
"2:16-CV-08216","CACD",470,1,1,1,0,0,0,0,0,0,0,1,1,0,0,0,0,0,1,1,0,0,0,0,1,1,0,0,0,0,0,0,0,1,999,"",1,1,1,0,0,0,1,1,1
"2:16-CV-08237","CACD",190,1,0,1,0,0,0,0,0,0,0,0,0,1,1,0,0,0,0,0,0,0,0,0,0,1,0,0,0,0,0,0,1,0,0,"",0,1,1,0,1,0,1,1,1
"2:16-CV-08638","CACD",840,1,1,1,0,0,0,0,0,1,0,0,0,1,1,0,0,1,0,0,0,0,0,0,0,0,0,1,0,0,0,0,1,0,0,"",1,0,1,0,1,0,1,1,1
"2:16-CV-08664","NJD",820,1,0,1,0,0,0,0,1,0,0,0,0,1,0,0,0,1,0,1,0,0,0,0,1,1,1,1,0,0,0,1,0,0,0,"",1,1,1,0,1,1,1,1,1
"2:16-CV-08962","CACD",820,1,1,1,0,0,1,0,1,1,0,0,0,0,1,0,0,0,1,1,0,1,1,0,1,1,1,1,1,0,0,1,0,0,0,"",1,1,1,0,1,0,1,1,1
"2:16-CV-09126","CACD",190,1,0,1,0,0,0,0,0,0,0,0,0,1,1,1,1,0,0,0,0,0,1,0,0,0,1,0,0,0,0,1,0,0,0,"",1,1,1,0,1,0,5,1,1
"2:16-CV-11684","WVSD",190,1,1,1,0,0,0,0,0,0,0,0,0,1,1,0,0,0,0,0,0,0,0,0,0,0,1,1,0,0,0,0,1,0,0,"",0,0,0,0,1,1,5,5,1
"2:16-CV-12191","MIED",840,1,1,1,0,0,1,0,1,0,0,0,0,1,0,0,0,0,1,0,0,0,0,0,0,0,1,0,1,0,0,0,0,1,0,"",1,1,1,0,0,0,1,1,2
"2:16-CV-12537","MIED",190,1,0,1,0,0,0,0,0,0,0,0,0,1,1,0,0,0,0,0,0,0,0,0,0,0,1,1,0,0,0,1,0,0,0,"",0,1,1,0,1,1,1,5,1
"2:16-CV-12941","MIED",470,1,0,0,0,0,0,0,0,0,0,1,0,1,0,1,0,0,1,0,1,1,0,1,1,1,0,0,0,0,0,1,0,0,1,"Japan",0,1,0,0,0,0,3,3,1
"2:16-CV-13371","MIED",820,1,1,1,0,0,0,0,1,1,0,1,0,1,0,0,0,1,0,0,1,0,0,0,0,0,0,0,0,0,0,0,1,0,0,"",0,0,1,0,0,0,1,1,1
"2:16-CV-13703","MIED",190,1,0,1,0,0,0,0,0,0,0,0,0,1,1,0,0,0,0,1,0,0,0,0,0,1,1,1,1,0,0,1,0,0,0,"",1,0,1,0,1,1,3,3,1
"2:16-CV-13729","MIED",890,1,1,1,0,0,0,0,0,0,0,0,0,1,0,0,0,0,0,0,0,0,0,0,0,1,0,0,0,0,0,0,1,0,0,"",1,1,1,0,1,0,3,5,1
"2:16-CV-13767","MIED",190,1,0,1,0,0,1,0,0,0,0,0,0,1,1,1,0,1,1,1,1,0,0,0,0,1,1,1,0,0,0,1,0,0,0,"",1,1,1,0,1,0,1,1,1
"2:16-CV-13832","MIED",196,1,0,1,0,0,0,0,0,1,0,0,0,1,1,0,0,1,0,0,0,0,0,0,1,0,1,1,0,1,0,0,1,0,0,"",1,0,1,0,0,1,1,1,1
"2:16-CV-13932","MIED",840,1,0,1,0,1,0,0,0,1,0,0,0,1,1,0,0,1,0,0,1,0,0,0,0,0,0,1,0,0,0,0,1,0,0,"",0,0,1,0,1,0,1,1,1
"2:16-CV-16854","LAED",890,1,1,1,0,0,0,0,0,0,0,0,0,1,1,1,0,1,0,0,1,0,0,0,0,0,1,1,0,0,0,1,0,0,0,"",0,1,1,0,1,0,3,3,1
"2:16-CV-17528","LAED",890,1,0,1,0,0,1,0,0,0,0,0,0,1,1,1,0,0,1,1,0,1,0,0,1,1,0,1,0,0,0,1,0,0,0,"",1,1,1,0,1,0,1,1,1
"2:17-CV-00005","UTD",830,1,1,0,0,0,0,1,0,0,0,0,0,1,1,0,0,0,0,0,0,0,0,0,0,0,1,0,1,0,0,1,0,0,0,"",1,1,1,0,1,0,1,1,1
"2:17-CV-00009","FLMD",840,1,1,0,0,0,0,0,0,1,0,0,0,1,1,0,0,1,1,0,1,0,0,0,1,1,0,0,0,0,0,0,1,0,0,"",0,1,1,0,1,0,2,2,1
"2:17-CV-00075","NJD",890,1,1,0,0,0,0,0,0,0,0,0,0,1,1,1,0,1,0,1,0,0,0,1,0,1,0,1,0,0,0,1,0,0,0,"",1,1,1,0,0,1,1,3,1
"2:17-CV-00080","UTD",890,1,0,1,0,0,1,0,0,0,0,0,0,1,1,1,0,1,1,1,0,1,1,1,1,0,1,0,0,0,0,1,0,0,0,"",1,1,0,0,1,0,2,2,1
"2:17-CV-00105","WAED",890,1,1,1,0,0,1,0,0,0,0,0,1,0,0,0,0,0,1,1,0,0,0,0,1,0,1,0,0,0,0,0,0,1,1,"Germany",1,1,0,1,0,0,1,1,1
"2:17-CV-00127","UTD",890,1,1,1,0,0,1,0,0,0,0,0,0,1,1,1,1,0,1,1,0,0,0,0,0,0,1,1,0,0,0,1,0,0,0,"",1,0,1,0,0,1,5,5,1
"2:17-CV-00147","WAED",890,1,0,1,0,0,1,0,0,0,0,0,0,1,0,0,0,0,0,0,0,0,0,0,0,0,1,1,0,0,0,1,0,0,0,"",1,1,1,1,0,1,1,5,1
"2:17-CV-00171","UTD",890,1,1,0,0,0,0,0,0,0,0,0,0,0,1,1,0,0,0,0,1,0,0,0,0,0,1,0,0,0,0,1,0,0,0,"",1,0,1,0,1,1,1,1,1
"2:17-CV-00177","NJD",890,1,0,1,0,0,0,0,0,1,0,0,0,1,0,0,0,1,0,1,0,0,0,0,1,1,0,1,0,0,0,0,1,0,0,"",1,0,1,0,0,0,1,1,1
"2:17-CV-00179","NVD",890,1,1,1,0,0,0,0,0,0,0,0,0,1,1,1,1,1,0,1,0,0,0,0,0,1,1,1,0,0,0,1,0,0,0,"",1,1,1,0,1,0,1,1,1
"2:17-CV-00185","WAWD",896,1,1,1,0,0,0,0,0,0,0,0,0,1,1,0,0,0,0,1,0,0,0,0,0,0,0,0,0,1,0,0,1,0,0,"",0,1,0,0,1,0,1,1,1
"2:17-CV-00230","UTD",890,1,0,1,0,0,0,0,0,0,0,0,0,1,1,0,0,0,0,1,0,0,0,0,0,0,1,1,1,0,0,1,0,0,0,"",1,1,1,0,1,1,1,2,1
"2:17-CV-00246","UTD",890,1,1,1,0,0,0,0,0,0,0,0,0,1,1,0,0,0,0,0,0,0,0,0,0,0,0,0,0,0,0,0,1,0,0,"",1,0,1,0,1,0,1,1,1
"2:17-CV-00247","UTD",890,1,1,1,0,0,0,0,0,0,0,0,0,1,0,0,0,0,0,0,0,0,0,0,0,0,0,0,0,0,0,0,0,1,0,"",1,0,1,0,0,0,1,1,1
"2:17-CV-00255","OHSD",890,1,0,0,0,0,0,0,0,0,0,0,0,1,1,0,0,0,0,1,0,0,0,0,0,0,1,1,0,0,0,1,0,0,0,"",0,1,1,0,1,1,1,3,1
"2:17-CV-00305","PAWD",890,1,0,1,0,0,0,0,0,0,0,0,0,0,1,0,0,0,0,1,0,0,0,0,0,0,1,0,0,0,0,1,0,0,0,"",0,1,1,0,1,1,1,1,1
"2:17-CV-00308","PAED",190,0,1,0,0,0,0,0,0,0,0,0,0,1,1,1,0,1,0,1,0,0,0,0,1,0,1,0,0,0,0,1,0,0,0,"",0,1,1,0,1,1,3,3,1
"2:17-CV-00317","PAED",190,1,1,0,0,0,0,0,0,0,0,0,0,1,1,1,0,1,0,0,0,0,0,0,0,0,1,1,0,0,0,1,0,0,0,"",0,1,1,0,1,1,5,5,1
"2:17-CV-00318","CAED",890,1,0,1,0,0,0,0,0,0,0,0,0,1,0,1,0,1,1,1,0,0,0,1,0,0,1,1,0,0,0,1,0,0,0,"",1,1,1,0,1,0,2,3,1
"2:17-CV-00340","WIED",890,1,1,1,0,0,0,0,0,0,0,0,0,1,1,0,0,0,0,0,0,0,0,0,0,0,1,0,0,0,0,1,0,0,0,"",0,0,1,0,1,0,1,1,1
"2:17-CV-00430","WAWD",890,1,1,0,0,0,0,0,0,0,0,0,0,0,0,0,0,0,0,0,0,0,0,0,1,1,0,1,1,0,0,0,0,1,0,"",0,1,0,0,0,0,5,1,1
"2:17-CV-00491","LAED",830,1,0,1,0,0,0,0,0,0,0,0,0,1,1,0,0,1,0,0,0,1,0,1,0,1,0,0,0,0,0,0,1,0,0,"",1,1,1,0,1,0,1,1,1
"2:17-CV-00513","NVD",890,1,1,0,0,0,0,0,0,0,0,0,0,1,0,0,0,0,0,1,0,0,0,0,1,1,1,1,0,0,0,0,1,0,0,"",1,1,1,0,0,0,1,1,1
"2:17-CV-00521","PAWD",190,1,0,1,0,0,0,0,0,0,0,0,0,1,1,0,0,0,0,0,0,0,0,0,0,1,0,0,0,0,0,0,1,0,0,"",0,1,1,0,1,0,5,5,1
"2:17-CV-00526","PAWD",890,1,0,1,0,0,0,0,0,0,0,0,0,1,1,0,0,0,0,0,0,0,0,0,0,1,0,1,0,0,0,1,0,0,0,"",1,1,1,0,1,0,3,5,1
"2:17-CV-00594","CAED",890,1,1,1,0,0,0,0,0,0,0,0,0,0,0,0,0,1,0,0,0,0,0,0,0,0,1,0,0,0,0,1,0,0,0,"",0,1,1,0,1,0,3,1,1
"2:17-CV-00612","PAWD",890,1,1,1,0,0,1,0,0,0,0,0,0,1,0,0,0,1,0,0,0,0,0,0,0,1,1,1,1,1,0,1,0,0,999,"See Notes",1,1,1,1,0,0,3,5,1
"2:17-CV-00645","CACD",820,1,0,1,0,0,0,0,1,0,0,0,1,0,0,0,0,1,1,1,0,0,1,0,0,0,0,1,1,0,0,1,0,0,0,"",1,0,1,0,1,1,3,3,1
"2:17-CV-00664","AZD",890,1,0,1,0,0,0,0,0,0,0,0,0,1,1,1,1,1,0,1,0,0,0,0,0,0,1,1,0,0,0,1,0,0,0,"",0,1,1,0,1,0,1,1,1
"2:17-CV-00807","PAED",890,1,1,1,0,0,0,0,0,0,0,0,0,0,0,0,0,0,0,0,1,0,0,0,0,1,0,1,1,0,0,0,0,1,0,"",0,1,1,0,1,0,1,1,1
"2:17-CV-00844","CAED",890,1,0,1,0,0,0,0,0,0,0,0,0,1,1,0,0,1,1,1,0,0,0,0,1,0,1,1,1,0,0,1,0,0,0,"",1,1,1,0,1,0,1,3,1
"2:17-CV-00864","PAED",890,1,0,0,1,0,0,0,0,0,0,0,0,1,1,0,0,1,0,1,0,0,0,1,1,0,1,1,0,0,0,1,0,0,0,"",0,1,1,0,1,1,1,2,1
"2:17-CV-00957","NYED",840,1,0,1,0,0,0,0,0,1,0,0,0,1,1,0,0,1,0,1,0,0,0,0,1,0,1,1,0,0,0,1,1,0,0,"",0,1,1,0,1,1,2,2,1
"2:17-CV-01015","NVD",890,1,0,1,0,0,0,0,0,0,0,0,0,1,1,0,0,1,0,0,1,0,0,0,0,0,0,0,1,0,0,0,1,0,0,"",0,1,1,0,1,0,1,1,1
"2:17-CV-01194","NYED",840,1,0,1,0,0,0,0,0,1,0,0,0,1,0,0,0,1,0,1,1,0,0,0,0,0,1,0,0,0,0,1,0,0,0,"",1,1,1,0,0,0,1,1,1
"2:17-CV-01468","PAED",890,1,0,1,0,0,0,0,0,0,0,0,0,1,1,1,0,1,0,1,0,0,0,1,0,0,1,0,0,0,0,1,0,0,0,"",0,0,1,0,1,0,2,2,1
"2:17-CV-01820","CACD",840,1,1,1,0,0,0,0,0,1,0,0,0,1,1,0,0,1,0,0,0,0,0,0,1,0,0,1,0,0,0,0,1,0,0,"",0,1,1,0,1,0,2,2,1
"2:17-CV-01913","PAED",190,1,1,1,0,0,0,0,0,0,0,0,0,1,1,1,0,1,0,1,0,0,0,0,0,0,1,1,1,0,0,1,0,0,0,"",1,1,1,0,1,0,1,1,1
"2:17-CV-01928","CACD",890,1,0,1,0,0,0,0,0,0,0,0,0,1,1,1,1,1,0,1,0,0,0,0,1,0,1,0,0,0,0,1,0,0,0,"",0,0,1,0,1,0,2,3,1
"2:17-CV-02026","KSD",190,1,1,0,1,0,0,0,0,0,0,0,0,1,1,0,0,0,1,1,0,0,0,0,0,1,1,1,0,0,0,1,0,0,0,"",0,1,0,0,1,1,2,2,1
"2:17-CV-02287","NYED",890,1,0,1,0,0,0,0,0,1,0,0,0,1,1,1,0,1,1,1,1,0,0,0,1,0,1,1,0,0,0,1,0,0,0,"",1,1,1,0,1,0,4,4,1
"2:17-CV-02504","CACD",890,1,0,1,0,0,0,0,0,0,0,0,0,1,1,0,0,1,0,1,0,0,0,0,0,0,1,0,0,0,0,1,0,0,0,"",0,1,1,0,1,0,1,1,1
"2:17-CV-02774","LAED",890,1,0,1,0,0,0,0,0,0,0,0,0,1,1,1,0,1,0,0,0,0,0,1,0,0,1,1,1,0,0,1,0,0,0,"",0,1,1,0,1,1,1,2,1
"2:17-CV-02856","CACD",890,1,0,1,0,0,1,0,0,0,0,0,1,0,0,0,0,0,0,0,0,0,1,0,0,0,0,1,0,0,0,0,0,1,0,"",1,0,0,1,0,0,1,1,1
"2:17-CV-02980","NJD",190,1,0,1,0,0,0,0,0,0,0,0,0,1,1,0,0,1,0,1,0,0,0,0,0,0,1,0,1,0,0,1,0,0,0,"",0,1,1,0,1,1,1,5,1
"3:15-CV-00703","WIWD",820,1,0,1,0,0,0,0,1,1,0,0,0,1,1,1,0,1,1,1,1,0,0,1,1,1,1,1,0,0,0,1,0,0,0,"",0,0,1,0,1,0,1,1,1
"3:15-CV-02177","CAND",830,1,0,0,0,0,0,1,0,1,0,0,0,1,0,0,0,1,0,1,0,0,0,0,0,0,0,0,1,0,0,0,1,0,0,"",0,0,0,0,0,0,1,1,1
"3:16-CV-00253","CAND",820,0,0,1,0,0,0,0,1,1,0,0,0,1,1,0,1,1,0,1,0,1,0,0,1,1,1,1,1,0,0,0,1,0,0,"",1,1,1,0,1,0,1,1,1
"3:16-CV-00296","CASD",840,1,0,0,0,0,0,0,0,1,0,0,0,1,1,0,0,1,0,0,0,0,0,0,1,1,0,1,0,1,0,1,0,0,0,"",1,0,0,0,0,0,1,1,1
"3:16-CV-00311","TNED",890,1,1,1,0,0,0,0,0,0,0,0,0,1,0,0,0,0,0,0,0,0,0,0,0,1,0,0,0,0,0,1,0,0,0,"",0,1,1,0,1,0,5,3,1
"3:16-CV-00354","OHSD",890,1,0,1,0,0,0,0,0,0,0,0,0,1,1,0,0,0,1,0,0,0,0,0,0,0,1,1,0,0,0,1,0,0,0,"",1,0,1,0,1,1,3,1,1
"3:16-CV-00371","OHSD",190,0,1,0,0,0,0,0,0,0,0,0,0,1,1,0,0,0,0,0,0,0,0,0,0,1,1,1,0,0,0,1,0,0,0,"",0,0,1,0,1,1,3,5,1
"3:16-CV-00424","FLND",890,1,1,1,0,0,0,0,0,0,0,0,0,1,0,0,0,0,0,0,0,0,0,0,0,0,0,1,0,0,0,1,0,0,0,"",0,1,1,0,0,0,1,1,1
"3:16-CV-00546","VAED",890,1,0,1,0,0,0,0,0,0,0,0,0,1,1,1,0,0,0,1,0,0,0,1,0,0,1,0,0,0,0,1,0,0,0,"",1,1,1,0,1,1,1,1,1
"3:16-CV-00623","ILSD",190,0,1,0,0,0,0,0,0,1,0,0,0,0,1,0,0,1,1,1,0,0,0,0,0,1,1,1,1,1,0,0,1,0,0,"",0,1,1,0,1,0,1,5,1
"3:16-CV-00653","WIWD",890,1,0,1,0,0,1,0,0,0,0,0,0,1,0,1,0,0,0,0,0,0,1,1,0,1,0,1,1,1,0,1,0,0,0,"",1,1,1,1,1,1,5,3,1
"3:16-CV-00731","WIWD",890,1,0,1,0,0,0,0,0,0,0,0,0,1,1,0,0,0,0,1,0,0,0,0,0,1,0,1,0,0,0,1,0,0,0,"",0,1,1,0,1,1,1,2,1
"3:16-CV-00816","INSD",890,1,1,1,0,0,0,0,0,0,0,0,0,1,1,0,0,0,0,1,0,0,0,0,1,0,1,1,0,0,0,1,0,0,0,"",1,1,1,0,1,1,1,5,1
"3:16-CV-00853","VAED",890,1,1,0,0,0,1,0,0,0,0,0,1,1,1,0,0,0,0,0,0,0,1,0,0,1,1,1,0,0,1,1,0,0,0,"",0,1,1,0,1,1,1,1,1
"3:16-CV-00993","ILSD",190,1,1,0,0,0,0,0,0,0,0,0,0,1,1,0,0,0,1,0,0,0,0,0,0,1,1,1,0,0,0,1,0,0,0,"",1,0,1,0,1,0,1,1,1
"3:16-CV-01102","CTD",190,1,1,0,0,0,0,0,0,0,0,0,0,1,1,0,0,1,0,0,0,0,0,0,0,0,1,1,0,0,0,1,0,0,0,"",0,1,1,0,1,1,5,5,1
"3:16-CV-01167","FLMD",190,1,0,1,0,0,0,0,0,0,0,0,0,1,1,1,0,1,0,1,1,0,0,1,1,0,1,0,0,0,0,1,0,0,0,"",1,1,1,0,1,0,3,3,1
"3:16-CV-01221","CTD",190,1,1,0,0,0,1,0,0,0,0,0,0,1,1,0,1,1,1,0,1,1,1,0,1,0,0,1,1,0,0,0,1,0,0,"",1,1,1,0,1,0,1,5,1
"3:16-CV-01432","ORD",190,1,1,1,0,0,0,0,0,0,0,0,0,1,1,0,0,0,0,0,0,0,0,0,0,0,1,1,0,0,0,1,0,0,0,"",0,0,1,0,1,1,3,3,1
"3:16-CV-01485","CTD",190,1,1,0,1,0,0,0,0,0,0,0,0,1,1,0,0,1,0,1,0,0,0,0,0,1,1,1,1,0,0,1,0,0,0,"",0,1,1,0,1,1,1,1,1
"3:16-CV-01547","CASD",370,1,0,1,0,0,1,0,0,0,0,0,0,1,1,0,0,0,1,0,0,0,0,0,0,0,0,0,1,0,0,0,1,0,0,"",1,1,1,0,1,0,3,3,1
"3:16-CV-01549","CASD",840,1,0,0,0,0,0,0,0,1,0,0,0,1,0,0,0,1,0,0,0,0,0,0,0,1,0,0,1,0,0,0,1,0,0,"",0,0,1,0,1,0,1,5,1
"3:16-CV-01615","CTD",190,1,1,1,0,0,0,0,0,0,0,0,0,1,1,1,0,1,1,1,0,0,0,0,0,1,1,1,0,1,0,1,0,0,0,"",1,1,1,0,1,0,2,2,1
"3:16-CV-01948","TXND",190,1,0,0,0,0,0,0,0,0,0,0,0,1,1,0,0,0,0,0,0,0,0,0,0,0,1,0,1,0,0,1,0,0,0,"",1,1,1,0,1,0,1,3,1
"3:16-CV-01989","CTD",840,1,0,1,0,0,0,0,0,1,0,0,0,1,1,0,0,1,0,1,0,0,0,0,0,0,1,1,1,0,0,1,0,0,0,"",1,1,1,0,1,1,1,1,1
"3:16-CV-02059","ORD",890,1,1,1,0,0,1,0,0,0,0,0,0,1,0,0,0,0,1,0,1,0,0,0,1,0,1,0,0,0,0,0,1,0,0,"",1,0,1,1,1,0,1,5,1
"3:16-CV-02090","ORD",820,0,1,0,0,0,0,0,1,1,0,0,0,0,0,0,0,0,0,0,0,0,0,0,0,0,0,0,0,0,0,0,0,1,0,"",1,1,0,0,0,0,1,1,1
"3:16-CV-02115","CASD",820,1,0,1,0,0,0,0,1,0,0,0,0,1,0,0,0,0,0,0,0,0,0,0,0,0,0,1,0,0,0,1,0,0,0,"",0,1,0,0,0,0,1,2,1
"3:16-CV-02208","CASD",830,1,0,1,0,0,0,1,0,0,0,0,0,1,1,1,0,1,0,1,0,0,0,1,0,0,0,1,0,0,0,1,0,0,1,"Singapore",1,1,1,0,1,0,1,1,1
"3:16-CV-02215","CASD",890,1,0,0,0,0,0,0,0,0,0,0,0,1,1,0,1,1,0,0,0,1,0,0,1,1,0,0,0,0,0,0,1,0,0,"",1,0,0,0,1,0,1,1,1
"3:16-CV-02348","ORD",820,1,0,1,0,0,0,0,1,0,0,0,0,1,0,0,0,0,0,0,0,0,0,0,0,0,0,0,1,0,0,1,0,0,0,"",0,1,1,0,1,0,1,1,1
"3:16-CV-02354","NJD",190,1,0,0,0,0,1,0,0,0,0,0,0,1,1,1,0,1,0,1,1,0,0,1,1,0,1,0,0,0,0,1,0,0,0,"",1,1,1,0,1,1,1,2,1
"3:16-CV-02372","ORD",190,1,0,0,0,0,0,0,0,0,0,0,0,1,1,1,0,0,1,1,1,0,0,1,0,1,1,1,0,0,0,1,0,0,0,"",1,1,1,0,1,0,1,3,1
"3:16-CV-02410","TXND",840,1,1,0,0,1,0,0,0,0,0,0,0,1,1,0,0,0,0,1,0,0,0,1,1,0,1,1,0,1,0,0,1,0,0,"",0,1,1,0,0,1,1,1,1
"3:16-CV-02706","TXND",190,1,1,1,0,0,0,0,0,0,0,0,0,1,1,0,0,0,0,0,0,0,0,0,1,1,0,0,0,1,0,1,1,0,1,"Taiwan",1,1,1,0,1,0,1,1,1
"3:16-CV-03085","CASD",890,1,0,1,0,0,0,0,0,0,0,0,0,1,1,0,0,0,0,0,0,0,0,0,0,0,1,0,0,0,0,1,0,0,0,"",0,0,1,0,0,1,3,3,1
"3:16-CV-03103","CAND",830,1,1,0,0,0,0,0,0,0,0,0,0,0,1,0,0,0,0,0,0,1,0,0,0,0,0,0,0,0,0,0,1,0,0,"",NA,NA,NA,0,1,1,1,1,1
"3:16-CV-03166","CAND",890,1,1,1,0,0,0,0,0,0,0,0,0,1,1,1,1,1,0,1,0,0,1,0,0,0,1,1,0,0,0,1,0,0,0,"",1,1,1,0,1,0,3,3,1
"3:16-CV-03172","TNMD",890,1,1,1,0,0,1,0,0,0,0,0,0,0,0,1,0,1,1,1,1,0,1,1,0,0,1,1,0,0,0,1,0,0,0,"",0,1,1,0,1,0,5,3,1
"3:16-CV-03260","CAND",830,1,0,0,0,0,0,1,0,0,0,0,0,1,1,0,0,0,0,0,0,0,0,0,0,1,0,1,1,0,0,0,1,0,0,"",0,1,1,0,1,0,1,1,1
"3:16-CV-03469","CAND",190,1,0,1,0,0,0,0,0,0,0,0,0,1,1,0,0,0,1,0,0,0,1,0,1,1,0,0,0,0,0,1,0,0,0,"",0,1,1,0,1,0,1,1,1
"3:16-CV-03698","SCD",890,1,0,1,0,0,1,0,0,0,0,0,0,1,1,1,0,0,1,0,1,0,0,0,0,1,0,0,1,0,0,1,0,0,0,"",1,1,1,0,1,1,1,1,1
"3:16-CV-03737","CAND",830,1,0,1,0,1,0,1,0,0,0,0,0,1,1,0,0,0,1,0,0,0,0,0,1,1,0,0,0,0,0,0,1,0,1,"Singapore",0,1,1,0,1,0,1,1,1
"3:16-CV-04349","CAND",890,1,0,1,0,0,1,0,0,0,0,0,0,0,1,0,0,1,1,1,0,0,1,0,1,0,1,0,0,0,0,1,0,0,0,"",1,1,1,0,1,0,3,3,5
"3:16-CV-05251","CAND",830,1,0,1,0,0,0,1,0,0,0,0,0,1,1,0,0,0,0,0,0,1,0,0,0,1,0,0,0,0,0,0,1,0,0,"",1,1,1,0,1,0,1,1,1
"3:16-CV-05381","NJD",820,1,0,1,0,0,1,0,1,1,0,0,0,1,1,1,1,0,1,0,0,0,0,0,1,0,1,1,0,0,0,1,0,0,0,"",1,0,1,0,1,1,1,1,1
"3:16-CV-05481","CAND",890,1,0,1,0,0,0,0,0,0,0,0,0,0,1,0,0,1,0,1,0,0,0,0,0,1,0,0,1,1,0,0,1,0,0,"",1,0,1,0,NA,NA,1,1,1
"3:16-CV-06504","CAND",890,1,1,0,0,0,0,0,0,0,0,0,0,1,0,0,0,0,0,0,0,0,0,0,0,1,1,1,0,0,0,1,0,0,0,"",0,1,1,0,0,0,1,1,1
"3:16-CV-06525","NJD",190,1,0,1,0,0,0,0,0,1,0,0,0,1,1,1,0,1,0,1,0,1,0,0,1,1,1,1,0,0,0,1,0,0,0,"",0,0,1,1,1,1,3,5,1
"3:16-CV-06765","CAND",820,1,1,1,0,0,0,0,1,1,0,0,0,1,1,0,0,1,0,1,0,0,0,0,0,1,1,0,1,0,0,1,0,0,1,"India",1,1,1,0,1,1,1,1,1
"3:16-CV-07223","CAND",890,1,0,1,0,0,0,0,0,0,0,0,0,1,0,0,0,0,0,0,0,0,0,0,0,0,1,0,0,0,0,1,0,0,0,"",1,1,1,0,0,0,1,1,1
"3:16-CV-07268","CAND",196,1,1,0,0,0,0,0,0,0,0,0,0,1,1,0,0,1,0,1,0,1,0,0,0,1,1,1,0,0,0,0,1,0,0,"",0,1,1,0,0,0,1,1,1
"3:16-CV-07323","CAND",890,1,0,1,0,0,0,0,0,0,0,0,0,1,1,0,0,0,0,1,0,0,0,0,1,1,1,1,0,0,0,1,0,0,0,"",1,1,1,0,1,1,1,3,1
"3:17-CV-00004","NDD",890,1,0,1,0,0,0,0,0,0,0,0,0,1,1,0,0,0,0,0,1,0,0,1,0,0,1,1,1,0,0,1,0,0,0,"",1,0,1,0,1,0,2,2,1
"3:17-CV-00006","GASD",890,1,0,1,0,0,0,0,0,0,0,0,0,1,0,0,0,0,0,1,0,0,0,0,1,0,1,1,0,0,0,1,0,0,0,"",1,1,1,0,0,0,5,3,1
"3:17-CV-00026","OHSD",190,1,1,0,0,0,0,0,0,0,0,0,0,1,1,0,0,0,0,0,0,0,0,0,0,1,0,1,0,0,0,1,0,0,0,"",0,1,0,0,1,1,5,5,1
"3:17-CV-00027","CTD",890,1,0,1,0,0,0,0,0,0,0,0,0,1,1,1,0,0,0,1,0,0,0,0,1,1,0,1,0,0,0,1,1,0,0,"",1,1,1,0,1,1,5,5,1
"3:17-CV-00044","OHSD",190,1,1,1,0,0,0,0,0,0,0,0,0,1,1,0,0,0,0,0,0,0,0,0,0,1,1,1,0,0,0,1,0,0,0,"",1,1,1,0,1,1,1,3,1
"3:17-CV-00068","ORD",190,1,0,1,0,0,0,0,0,0,0,0,0,1,1,1,0,1,0,1,0,1,0,0,0,1,1,1,0,0,0,1,0,0,0,"",1,1,1,0,1,1,1,1,1
"3:17-CV-00073","NCWD",840,1,0,1,0,0,0,0,0,1,0,0,0,1,1,0,0,0,0,1,0,0,0,0,1,0,1,1,1,0,0,0,1,0,1,"France",0,1,1,0,0,0,1,1,1
"3:17-CV-00086","NCWD",820,1,0,1,0,0,0,0,1,0,0,0,0,0,0,1,0,1,1,0,1,0,1,0,0,1,0,0,0,0,0,1,0,0,0,"",1,1,1,0,0,0,1,1,1
"3:17-CV-00102","TNED",890,1,0,1,0,0,1,0,0,0,0,0,0,1,1,1,0,0,1,1,0,1,0,1,1,0,1,1,0,0,0,1,0,0,0,"",1,1,1,0,1,1,5,3,1
"3:17-CV-00114","ORD",830,1,0,1,0,0,0,1,0,0,0,0,0,1,0,0,0,0,0,1,0,0,0,0,0,1,1,1,0,0,0,0,0,1,0,"",1,0,1,0,0,0,1,1,1
"3:17-CV-00114","ORD",830,1,0,1,0,0,0,1,0,0,0,0,0,1,0,0,0,0,0,1,0,0,0,0,0,1,1,1,0,0,0,0,0,1,0,"",1,0,1,0,0,0,3,5,1
"3:17-CV-00114","CTD",890,1,1,1,0,0,0,0,0,0,0,0,0,1,0,0,0,1,0,1,0,0,0,0,0,0,1,1,0,0,0,1,0,0,0,"",0,1,1,0,1,1,1,1,1
"3:17-CV-00114","CTD",890,1,1,1,0,0,0,0,0,0,0,0,0,1,0,0,0,1,0,1,0,0,0,0,0,0,1,1,0,0,0,1,0,0,0,"",0,1,1,0,1,1,3,5,1
"3:17-CV-00144","NVD",890,1,0,1,0,0,0,0,0,0,0,0,0,1,0,1,0,0,0,1,0,0,0,0,0,0,1,1,0,0,0,1,0,0,0,"",1,1,1,1,1,0,3,3,1
"3:17-CV-00170","NVD",190,1,1,1,0,0,0,0,0,0,0,0,0,1,0,0,0,0,1,1,0,0,0,0,1,0,1,0,0,0,0,1,0,0,0,"",0,0,1,0,0,0,3,3,1
"3:17-CV-00265","ORD",190,1,0,1,0,0,0,0,0,0,0,0,0,1,1,1,0,1,0,1,0,0,0,0,0,1,1,1,0,0,0,1,0,0,0,"",0,1,1,0,1,1,1,1,1
"3:17-CV-00266","KYWD",190,1,0,1,0,0,0,0,0,0,0,0,0,1,1,1,0,0,1,1,1,0,0,0,0,0,1,1,0,0,0,1,0,0,0,"",0,1,1,0,1,1,1,1,1
"3:17-CV-00294","WIWD",890,1,0,1,0,0,1,0,0,0,0,0,0,1,0,1,0,0,1,0,0,0,1,0,0,0,1,1,0,0,0,1,0,0,0,"",0,1,1,1,0,0,1,3,1
"3:17-CV-00309","CAND",190,1,1,0,0,0,0,0,0,0,0,0,0,1,1,0,0,1,0,1,0,0,0,0,0,0,1,1,0,0,0,0,0,1,0,"",1,0,1,0,1,1,1,1,1
"3:17-CV-00345","OHND",890,1,1,1,0,0,0,0,0,0,0,0,0,1,0,0,0,0,1,0,0,0,0,0,0,1,0,0,0,0,0,0,0,1,0,"",1,0,1,0,0,0,3,3,1
"3:17-CV-00481","TXND",890,1,0,0,0,0,1,0,0,0,0,0,0,1,1,1,0,0,0,0,0,0,0,0,1,0,1,1,0,0,0,1,0,0,0,"",1,0,1,0,1,1,1,5,1
"3:17-CV-00516","ORD",890,1,1,1,0,0,0,0,0,1,0,0,0,0,1,1,0,0,0,1,1,1,0,0,1,1,1,0,0,0,0,1,1,0,0,"",1,1,1,0,1,0,3,4,1
"3:17-CV-00541","ORD",890,1,0,1,0,0,0,0,0,0,0,0,0,1,1,1,1,0,1,1,0,0,0,0,1,1,1,1,0,0,0,1,0,0,0,"",1,1,1,0,1,0,3,3,1
"3:17-CV-00656","CTD",190,1,0,1,0,0,0,0,0,0,0,0,0,1,1,0,0,1,0,1,0,0,0,0,0,0,1,1,1,0,0,1,0,0,0,"",0,1,1,0,1,1,2,5,1
"3:17-CV-00718","CASD",890,1,0,1,0,0,1,0,0,0,0,0,0,0,1,1,0,1,1,1,0,0,1,1,1,0,1,0,0,0,0,1,0,0,0,"",1,1,1,1,1,0,4,4,1
"3:17-CV-00738","TXND",190,0,1,0,0,0,0,0,0,0,0,0,0,1,1,0,0,0,0,0,0,0,0,0,0,0,0,1,0,0,0,0,1,0,0,"",0,0,1,0,0,0,2,2,1
"3:17-CV-00750","CAND",370,1,0,0,0,0,1,0,0,0,0,0,0,1,1,0,0,0,0,0,0,0,1,0,0,0,0,0,0,0,0,1,0,0,0,"",0,0,1,0,1,0,1,1,1
"3:17-CV-00879","CASD",890,1,0,1,0,0,0,0,0,0,0,0,0,1,1,0,0,1,1,1,0,0,0,0,0,0,1,0,0,0,0,0,0,1,0,"",0,1,1,0,1,0,2,1,1
"3:17-CV-00898","CAND",820,1,1,1,0,1,0,0,1,0,0,0,0,0,0,1,0,0,0,0,0,0,0,0,0,1,0,0,0,0,0,0,0,1,1,"China",0,1,1,0,0,0,1,1,1
"3:17-CV-00939","CAND",830,1,0,1,0,0,0,1,0,0,0,0,0,1,0,0,0,1,0,0,0,0,0,0,0,1,0,0,0,0,0,0,0,1,0,"",1,1,1,0,0,0,1,3,1
"3:17-CV-00970","CASD",840,1,0,1,0,0,0,0,0,1,0,0,0,0,1,1,0,1,0,1,0,0,0,0,0,0,1,1,0,0,0,1,1,0,0,"",1,1,1,0,1,0,1,1,1
"3:17-CV-01459","CAND",890,1,0,1,0,0,0,0,0,0,0,0,0,0,0,1,0,0,0,0,0,0,0,0,0,1,0,0,0,0,0,1,0,0,0,"",1,1,1,0,1,0,1,1,1
"3:17-CV-02128","ILND",190,1,1,1,0,0,0,0,0,0,0,0,0,1,1,1,0,0,1,0,0,0,0,0,0,0,0,1,0,0,0,1,0,0,0,"",1,1,1,0,1,1,1,1,1
"3:17-CV-05029","MOWD",890,1,1,1,0,0,0,0,0,0,0,0,0,1,0,0,0,0,0,1,0,0,0,0,0,1,0,1,0,0,0,1,0,0,1,"Canada",1,1,1,0,0,1,1,1,1
"3:17-CV-05156","WAWD",190,1,1,1,0,0,0,0,0,0,0,0,0,1,1,1,1,0,1,1,1,0,0,0,1,0,1,1,0,0,0,1,0,0,0,"",0,1,1,0,1,1,1,1,1
"3:17-CV-05202","WAWD",890,1,0,1,0,0,0,0,0,0,0,0,0,1,0,1,0,0,1,1,0,0,0,1,0,0,1,1,0,0,0,1,0,0,0,"",1,1,1,0,0,0,5,3,1
"3:17-CV-30025","MAD",890,1,0,0,0,0,0,0,0,0,0,0,0,1,0,1,0,1,1,1,1,0,0,0,1,0,1,0,0,0,0,1,0,0,0,"",0,0,1,0,0,0,1,2,1
"4:16-CV-00355","FLND",890,1,0,1,0,0,1,0,0,0,0,0,0,1,1,1,0,1,1,0,0,0,0,0,0,1,1,1,1,0,1,1,0,0,0,"",1,1,1,1,1,1,2,2,1
"4:16-CV-00737","TXED",890,1,0,1,0,0,0,0,0,0,0,0,0,1,1,1,0,0,0,0,0,0,0,0,0,1,1,1,1,0,0,1,0,0,0,"",1,1,0,0,1,0,1,3,1
"4:16-CV-00750","MOED",840,1,0,1,0,0,0,0,0,1,0,0,0,1,0,0,0,1,0,0,0,0,0,0,1,0,0,0,1,0,0,0,1,0,0,"",1,1,1,0,1,0,1,5,1
"4:16-CV-00876","MOED",890,1,0,0,0,0,0,0,0,0,0,0,0,1,1,1,0,0,1,0,0,0,1,0,1,0,0,0,0,0,0,1,0,0,1,"Taiwan",1,1,1,0,0,0,3,3,1
"4:16-CV-01181","MOED",190,1,1,0,0,0,0,0,0,0,0,0,0,1,1,0,0,0,0,1,0,0,1,1,0,0,0,1,0,0,0,1,0,0,0,"",1,1,0,0,1,1,3,5,1
"4:16-CV-01538","MOED",890,1,1,1,0,0,0,0,0,0,0,0,1,1,0,0,0,0,1,1,1,0,0,0,0,0,1,0,0,0,0,0,0,1,0,"",1,1,1,1,0,0,1,1,1
"4:16-CV-01631","MOED",890,1,0,1,0,0,0,0,0,1,0,0,0,1,0,0,0,1,0,0,0,0,0,0,1,0,1,0,0,0,0,1,0,0,0,"",1,1,1,0,0,0,2,2,1
"4:16-CV-01770","TXSD",150,1,0,0,0,0,1,0,0,1,0,0,0,1,1,1,0,0,1,1,0,0,0,0,1,0,1,1,0,0,0,1,0,0,0,"",0,1,1,0,1,1,3,3,1
"4:16-CV-01981","PAMD",830,1,0,1,0,0,1,1,0,0,0,0,0,1,0,1,0,1,1,1,1,0,0,1,0,1,1,1,1,1,0,1,0,0,0,"",0,1,1,0,1,1,1,1,1
"4:16-CV-03137","NED",190,1,1,1,0,0,0,0,0,0,0,0,0,1,1,1,0,0,0,1,0,0,0,1,0,0,1,0,0,0,0,1,0,0,0,"",1,1,1,0,1,0,3,5,1
"4:16-CV-03194","NED",790,1,1,1,0,0,1,0,0,0,0,0,0,1,1,1,0,0,0,0,1,0,0,0,0,1,1,1,0,0,0,1,0,0,0,"",0,1,1,0,1,1,5,1,1
"4:16-CV-05073","CAND",820,0,1,0,0,0,0,0,1,0,0,0,0,1,0,0,0,1,0,1,0,0,0,0,0,0,0,0,1,0,0,0,1,0,1,"Canada",0,1,1,0,0,0,1,1,1
"4:16-CV-05425","CAND",890,1,0,1,0,0,0,0,0,1,0,0,0,0,0,0,0,1,0,1,0,0,0,0,0,0,1,1,0,0,0,0,0,1,0,"",1,0,1,0,0,1,1,1,1
"4:16-CV-06855","CAND",190,1,0,1,0,0,0,0,0,0,0,0,0,0,1,0,0,0,0,1,0,0,0,0,0,1,0,1,1,0,1,1,0,0,0,"",1,1,1,0,1,1,3,3,1
"4:16-CV-40154","MAD",890,1,0,1,0,0,0,0,0,0,0,0,0,1,0,0,0,0,1,0,0,0,0,0,0,0,1,0,0,0,0,1,0,0,0,"",1,0,0,0,1,0,1,3,1
"4:17-CV-00025","VAED",890,1,0,1,0,0,1,0,0,0,0,0,0,1,0,0,0,0,1,0,1,0,1,0,0,1,1,1,0,0,0,0,0,1,0,"",1,1,1,1,0,0,1,1,1
"4:17-CV-00062","TXED",890,1,1,1,0,0,0,0,0,1,0,0,0,1,0,0,0,0,0,0,1,0,0,0,1,0,1,0,0,0,0,0,1,0,0,"",0,0,1,0,1,0,1,3,1
"4:17-CV-00087","CAND",890,1,0,1,0,0,0,0,0,0,0,0,0,1,0,0,0,0,1,1,1,0,0,0,0,0,1,1,0,0,0,1,0,0,0,"",1,1,1,0,0,0,3,4,1
"4:17-CV-00110","IASD",890,1,0,1,0,0,0,0,0,0,0,0,0,1,0,0,0,0,1,0,0,0,0,0,0,0,1,1,1,0,0,1,0,0,0,"",1,1,1,0,0,0,1,5,1
"4:17-CV-00124","AZD",190,1,0,1,0,0,0,0,0,0,0,0,0,1,1,1,0,1,0,0,0,0,0,1,0,0,1,1,0,0,0,1,0,0,0,"",0,1,1,0,1,0,1,1,1
"4:17-CV-00131","FLND",890,1,0,1,0,0,0,0,0,0,0,0,0,1,1,1,0,0,0,1,0,0,0,0,0,1,0,0,0,0,0,1,0,0,0,"",0,0,1,0,1,1,1,2,1
"4:17-CV-00132","ARED",470,1,0,1,0,0,1,0,0,0,0,1,0,1,0,1,0,0,0,0,1,0,0,0,0,0,1,1,1,0,0,1,1,0,0,"",0,0,1,0,0,0,1,5,1
"4:17-CV-00142","IASD",150,1,0,1,0,0,1,0,0,0,0,0,1,1,1,1,0,0,1,0,0,0,0,0,1,1,1,0,0,0,0,1,0,0,0,"",0,1,1,0,1,1,1,3,1
"4:17-CV-00156","IASD",890,1,0,1,0,0,1,0,0,0,0,0,1,1,1,0,0,0,0,1,0,0,0,1,0,0,1,1,0,0,0,1,0,0,0,"",1,1,1,0,1,1,1,5,1
"4:17-CV-00303","TXED",190,1,1,1,0,0,0,0,0,1,0,0,0,1,1,1,0,1,1,1,0,0,0,1,1,1,1,1,0,0,0,1,1,0,1,"France",1,1,1,0,1,1,1,1,1
"4:17-CV-00459","TXSD",190,1,0,1,0,0,0,0,0,0,0,0,0,1,1,1,0,0,0,1,0,0,0,0,0,1,1,1,0,0,0,1,0,0,0,"",1,0,1,0,1,0,3,3,1
"4:17-CV-00522","TXSD",890,1,1,1,0,0,1,0,0,0,0,0,0,1,0,1,0,1,0,1,1,0,0,1,0,0,1,1,0,0,0,1,0,0,0,"",1,1,1,0,1,1,3,3,1
"4:17-CV-00670","OHND",380,1,1,0,0,0,0,0,0,0,0,0,0,1,0,0,0,0,0,0,0,0,0,0,0,0,0,0,0,0,0,0,0,1,0,"",1,0,1,0,0,0,1,1,1
"4:17-CV-00958","TXSD",190,1,0,1,0,0,0,0,0,1,0,0,0,1,1,0,0,0,0,1,0,0,0,1,0,1,1,1,0,0,0,0,1,0,0,"",0,1,1,0,1,1,5,1,1
"4:17-CV-01153","TXSD",890,1,1,1,0,0,0,0,0,0,0,0,0,1,0,0,0,0,0,1,0,0,0,0,1,1,0,0,0,1,0,0,0,1,0,"",0,1,1,0,1,0,1,1,1
"4:17-CV-01351","MOED",890,1,0,1,0,0,0,0,0,0,0,0,1,1,1,1,0,0,0,0,0,0,0,0,1,1,0,1,0,0,0,1,0,0,0,"",0,1,1,0,1,0,1,1,1
"4:17-CV-01423","MOED",190,1,1,1,0,0,0,0,0,0,0,0,0,1,1,0,0,0,0,1,0,0,0,1,0,0,1,1,0,0,0,1,0,0,0,"",0,1,1,0,1,1,3,5,1
"4:17-CV-02131","CAND",890,1,1,1,0,0,0,0,0,0,0,0,0,0,0,0,0,1,1,0,1,0,0,0,0,1,0,0,0,0,0,0,0,1,1,"China",1,1,1,0,0,0,1,1,1
"4:17-CV-04029","SDD",890,1,0,1,0,0,0,0,0,0,0,0,0,1,1,0,0,0,0,1,0,0,0,0,0,1,0,0,0,0,0,1,0,0,0,"",0,1,1,0,1,0,1,1,1
"4:17-CV-05040","WAED",190,1,0,1,0,0,0,0,0,0,0,0,0,1,1,1,0,1,0,1,0,0,0,0,0,0,1,1,0,0,0,1,0,0,0,"",1,1,1,0,1,0,2,1,1
"5:14-CV-03586","CAND",830,1,0,1,0,0,0,1,0,0,0,0,0,1,0,0,0,0,0,0,0,0,0,0,0,1,0,0,0,0,0,0,0,1,1,"Taiwan",1,1,1,0,1,0,1,1,1
"5:16-CV-00141","KYWD",450,1,0,1,0,0,0,0,0,0,0,0,0,1,0,0,0,0,1,1,0,0,0,1,0,0,1,1,0,0,0,1,0,0,0,"",1,1,1,1,0,0,1,1,1
"5:16-CV-00239","FLND",830,1,1,1,0,0,0,1,0,0,0,0,0,1,1,0,0,0,1,1,0,0,0,0,0,1,0,0,0,0,0,1,0,0,1,"China",1,1,1,0,1,1,1,1,1
"5:16-CV-00755","NCED",190,1,0,1,0,0,0,0,0,0,0,0,0,1,1,0,0,1,1,1,0,0,0,1,0,1,1,1,0,0,0,1,0,0,0,"",1,1,1,0,1,1,1,1,1
"5:16-CV-01366","OHND",190,1,0,1,0,0,1,0,0,0,0,0,0,1,1,0,1,0,0,0,0,0,0,0,0,0,1,1,0,0,0,1,0,0,0,"",0,1,1,0,1,1,5,3,1
"5:16-CV-01458","OKWD",890,1,1,1,0,0,0,0,0,0,0,0,0,1,0,1,0,0,0,0,0,0,0,0,0,1,0,0,0,0,0,0,1,0,0,"",0,1,1,0,0,0,1,1,1
"5:16-CV-01814","CACD",470,1,0,1,0,0,1,0,0,0,0,1,0,1,1,0,0,1,0,0,0,0,1,1,0,0,1,0,0,0,0,1,0,0,0,"",0,0,0,1,1,0,1,3,1
"5:16-CV-02499","PAED",470,1,0,1,0,0,1,0,0,0,0,1,0,1,1,1,0,1,1,1,1,0,0,1,1,1,1,1,0,0,0,1,0,0,0,"",1,1,1,1,1,1,3,1,1
"5:16-CV-02805","CAND",890,1,0,1,0,0,1,0,0,0,0,0,0,1,1,1,0,0,1,0,0,1,1,0,0,1,0,0,0,0,0,1,0,0,0,"",1,0,0,0,0,0,2,2,1
"5:16-CV-02852","CAND",190,1,0,1,1,0,0,0,0,0,0,0,0,1,1,1,1,1,1,1,0,0,0,0,0,1,0,0,0,0,0,1,0,0,0,"",1,0,1,0,0,1,1,1,1
"5:16-CV-03982","CAND",890,1,0,1,0,0,1,0,0,0,0,0,0,0,1,0,0,1,0,0,0,0,1,0,0,0,1,1,0,0,0,1,0,0,0,"",1,0,1,1,0,0,1,1,1
"5:16-CV-05416","CAND",890,1,0,0,0,0,1,0,0,0,0,0,0,0,0,0,0,0,0,0,0,0,0,0,0,0,1,1,0,0,0,1,0,0,0,"",1,0,1,1,1,0,1,5,1
"5:16-CV-05509","CAND",890,1,0,1,0,0,0,0,0,0,0,0,0,0,1,1,0,1,1,0,1,0,0,0,1,1,1,1,0,0,0,1,0,0,0,"",1,1,1,0,1,1,1,1,1
"5:17-CV-00017","CAND",890,1,1,1,0,0,0,0,0,0,0,0,0,1,1,1,1,1,0,0,0,0,0,0,0,0,0,1,0,0,0,1,0,0,1,"Russia",0,1,0,0,0,0,3,2,2
"5:17-CV-00086","NCED",820,1,1,1,0,0,0,0,1,0,0,0,0,1,1,0,1,1,1,0,1,0,0,0,0,0,0,0,1,0,0,0,1,0,0,"",1,1,1,1,1,0,1,1,1
"5:17-CV-00250","CAND",890,1,1,1,0,0,1,0,0,0,0,0,0,1,0,1,1,1,1,1,1,0,1,0,1,0,1,1,0,0,0,1,0,0,0,"",0,0,1,0,0,0,5,5,1
"5:17-CV-00262","OKWD",890,1,0,1,0,0,0,0,0,0,0,0,0,1,1,0,0,0,0,0,0,0,0,0,0,1,0,0,0,0,0,0,1,0,0,"",0,0,1,0,0,0,5,5,1
"5:17-CV-00517","OKWD",890,1,0,1,0,0,0,0,0,0,0,0,0,1,0,0,0,0,0,1,1,0,0,0,1,1,0,1,0,0,0,0,0,1,0,"",0,0,1,0,0,0,1,1,1
"5:17-CV-01704","CAND",890,1,0,1,0,0,1,0,0,0,0,0,0,1,1,1,1,1,1,0,0,1,0,0,0,0,0,1,1,0,0,1,0,0,999,"See Notes",0,1,1,1,0,0,3,2,1
"5:17-CV-01854","PAED",890,1,1,0,0,0,0,0,0,0,0,0,1,0,0,0,0,0,0,0,0,0,0,0,0,1,0,0,0,0,0,0,0,1,0,"",0,0,0,0,0,0,1,1,1
"5:17-CV-01953","CAND",890,1,0,1,0,0,1,0,0,0,0,0,0,1,1,0,1,1,0,0,0,0,1,0,0,0,0,0,1,0,0,1,0,0,1,"China",1,1,1,1,1,0,2,3,1
"5:17-CV-02059","CAND",890,1,0,1,0,0,0,0,0,0,0,0,0,0,1,1,0,1,0,1,0,0,0,1,0,0,1,1,0,0,0,1,0,0,0,"",1,1,1,0,1,0,1,1,1
"5:17-CV-02540","CAND",840,1,0,1,0,0,0,0,0,1,0,0,0,1,0,0,0,1,0,0,0,0,0,0,0,0,1,0,0,0,0,1,0,0,999,"See Notes",1,1,0,0,0,0,1,1,1
"6:16-CV-00063","LAWD",890,1,0,1,0,0,1,0,0,0,0,0,0,1,1,1,0,1,0,0,0,0,0,0,0,0,1,0,1,0,0,1,0,0,0,"",0,0,1,0,0,0,1,1,1
"6:16-CV-00447","TXWD",830,1,0,1,0,0,0,1,0,0,0,0,0,1,0,0,0,1,0,0,1,0,0,0,0,1,0,0,0,0,0,0,0,1,0,"",1,0,1,0,0,0,1,1,1
"6:16-CV-00474","TXWD",890,1,0,1,0,0,0,0,0,0,0,0,0,1,0,0,0,0,0,0,0,0,0,0,0,1,0,0,0,0,0,0,1,0,0,"",1,0,1,0,0,0,1,1,1
"6:16-CV-01701","LAWD",890,1,0,1,0,0,0,0,0,0,0,0,0,1,1,1,0,1,1,1,0,1,0,0,1,1,0,0,0,0,0,0,1,0,0,"",1,1,1,0,0,0,3,2,2
"6:16-CV-03687","SCD",890,1,0,1,0,0,0,0,0,0,0,1,0,1,1,1,0,1,1,1,1,0,0,0,1,0,1,1,0,1,0,1,0,0,0,"",1,1,1,0,1,1,3,3,1
"6:16-CV-04794","CAND",380,1,1,0,0,0,0,0,0,0,0,0,0,1,0,0,0,1,0,1,0,0,0,0,1,0,0,0,0,0,0,0,0,1,0,"",0,1,1,0,0,0,1,1,1
"6:16-CV-06402","NYWD",890,1,0,1,0,0,1,0,0,0,0,0,0,1,1,1,0,1,1,1,0,0,0,0,1,1,1,1,0,0,0,1,0,0,0,"",0,1,1,1,1,0,3,5,1
"6:16-CV-06694","NYWD",820,1,1,0,0,0,0,0,1,0,0,0,0,1,1,0,0,0,0,0,1,1,0,0,0,0,0,0,1,0,0,0,1,0,0,"",1,1,1,0,0,0,1,1,1
"6:17-CV-00072","FLMD",890,1,0,1,0,0,1,0,0,0,0,0,0,1,1,0,0,0,0,0,0,0,0,0,0,1,1,1,0,0,0,1,0,0,0,"",1,1,1,1,1,1,5,1,1
"6:17-CV-00260","TXED",470,1,1,1,0,0,1,0,0,0,0,1,0,1,1,1,0,0,0,1,1,0,0,1,0,0,1,1,0,0,0,1,0,0,0,"",1,1,1,0,1,1,4,1,1
"6:17-CV-00624","SCD",890,1,0,1,0,0,0,0,0,0,0,0,0,1,1,0,0,0,0,0,0,0,0,0,0,1,0,0,0,0,0,1,0,0,0,"",1,1,1,0,1,0,3,1,3
"6:17-CV-01083","KSD",890,1,1,1,0,0,1,0,0,0,0,0,0,1,1,1,0,0,1,1,0,0,0,0,0,0,1,1,0,0,0,1,0,0,0,"",1,1,1,0,1,1,3,3,1
"6:17-CV-06251","NYWD",890,1,0,1,0,0,0,0,0,0,0,0,0,0,0,1,0,0,1,0,1,0,0,0,0,0,1,0,0,0,0,1,0,0,0,"",1,1,1,0,0,0,3,3,1
"7:16-CV-07989","NYSD",820,1,0,1,0,0,0,0,1,0,0,0,0,1,0,1,0,0,0,1,0,0,0,0,0,1,0,0,1,0,0,0,0,1,1,"Canada",1,1,1,0,1,1,1,1,1
"7:16-CV-08912","NYSD",890,1,1,0,0,0,0,0,0,0,0,0,0,1,1,1,0,1,0,0,0,0,0,0,0,1,1,0,0,1,0,1,0,0,0,"",0,1,1,0,1,1,1,1,1
"7:17-CV-02915","NYSD",190,1,1,0,0,0,0,0,0,0,0,0,0,1,1,0,0,1,0,0,0,0,0,0,0,0,1,0,0,0,0,1,0,0,0,"",0,1,1,0,1,0,1,5,1
"8:15-CV-01964","SCD",190,0,1,0,0,0,0,0,0,1,0,0,0,1,1,0,0,1,0,1,0,0,0,0,0,1,0,0,0,0,0,0,1,0,1,"Singapore; Sweden",1,1,1,0,1,0,1,2,1
"8:16-CV-00422","NED",790,1,1,0,0,0,0,0,0,0,0,0,0,0,1,0,0,0,0,0,0,0,0,0,0,0,1,1,0,0,0,1,0,0,0,"",0,1,1,0,1,1,1,1,1
"8:16-CV-00472","NED",410,1,0,1,0,0,0,0,0,0,1,0,0,1,1,0,0,0,0,1,0,0,0,0,1,0,0,0,0,0,0,1,0,0,0,"",0,1,1,0,1,1,1,1,1
"8:16-CV-01261","CACD",890,1,0,1,0,0,0,0,0,0,0,0,0,0,1,0,0,1,1,0,0,0,1,0,0,0,0,0,1,0,0,1,0,0,0,"",0,1,1,0,1,0,3,3,1
"8:16-CV-01428","FLMD",190,1,1,0,0,0,0,0,0,0,0,0,0,1,1,0,0,0,0,1,0,0,0,0,0,1,1,1,0,0,0,1,0,0,0,"",0,0,1,0,1,0,1,2,1
"8:16-CV-01503","FLMD",190,1,0,1,0,0,0,0,0,1,0,0,0,1,1,0,0,0,0,0,1,0,0,0,0,1,0,1,0,0,0,0,1,0,0,"",1,0,0,0,1,0,1,2,1
"8:16-CV-01533","CACD",840,1,0,1,0,0,0,0,0,1,0,0,0,1,0,1,0,1,0,1,0,0,0,1,0,0,1,0,0,0,0,1,0,0,0,"",NA,NA,NA,0,0,0,1,2,1
"8:16-CV-01971","CACD",820,1,0,1,0,0,1,0,0,1,0,0,0,1,0,1,0,1,1,1,0,0,1,0,1,0,1,1,0,0,0,1,0,0,1,"Jordan",1,1,1,1,0,0,2,2,1
"8:16-CV-02075","CACD",190,1,0,1,0,0,0,0,0,0,0,0,0,0,1,0,0,1,1,0,0,0,0,0,0,1,0,1,1,0,0,1,0,0,1,"China",1,1,1,0,1,0,1,1,1
"8:16-CV-02110","CACD",820,1,0,1,0,0,0,0,1,0,0,0,0,1,1,0,0,1,1,0,0,0,0,0,0,1,1,1,0,0,0,1,0,0,0,"",1,1,1,0,1,1,1,1,1
"8:17-CV-00018","CACD",840,1,0,0,0,0,0,0,0,1,0,0,0,1,1,1,0,1,0,1,0,1,1,0,1,0,1,1,0,0,0,1,0,0,0,"",1,0,1,0,1,0,2,3,1
"8:17-CV-00038","NED",890,1,1,1,0,0,0,0,0,0,0,0,0,1,1,0,0,0,0,0,0,0,0,0,1,0,1,0,0,0,0,1,0,0,0,"",0,0,1,0,1,1,1,1,1
"8:17-CV-00096","CACD",190,1,1,1,0,0,0,0,0,0,0,0,0,1,1,1,1,1,0,1,0,0,1,0,0,1,1,1,0,0,0,1,0,0,0,"",1,1,0,0,1,1,2,1,1
"8:17-CV-00112","NED",190,1,1,0,0,0,0,0,1,1,0,0,0,1,1,0,0,1,0,1,1,0,0,0,0,0,1,1,0,0,0,0,1,0,0,"",1,1,1,0,1,0,1,1,1
"8:17-CV-00117","SCD",830,1,0,1,0,0,0,1,0,0,0,0,0,1,1,0,1,0,0,0,1,0,0,0,0,1,0,0,0,0,1,0,1,0,0,"",1,1,1,0,1,0,1,1,1
"8:17-CV-00154","NED",790,1,0,1,0,0,1,0,0,0,0,0,0,1,1,1,0,0,0,1,1,0,0,0,0,0,1,1,0,0,0,1,0,0,0,"",0,1,1,0,1,0,4,4,1
"8:17-CV-00158","CACD",360,1,0,1,0,0,0,0,0,0,0,0,0,1,0,1,0,1,1,1,0,0,0,1,0,0,1,1,0,0,0,1,0,0,0,"",1,0,1,0,1,0,1,1,1
"8:17-CV-00173","CACD",190,0,1,1,0,0,0,0,0,0,0,0,0,1,1,1,0,1,0,1,0,1,0,0,1,1,0,1,0,1,0,1,0,0,0,"",1,1,1,0,0,1,1,3,1
"8:17-CV-00190","FLMD",790,1,1,1,0,0,0,0,0,0,0,0,0,1,0,0,0,1,0,1,0,0,0,0,1,1,1,1,1,0,0,0,0,1,0,"",1,1,1,0,1,1,1,1,1
"8:17-CV-00356","FLMD",890,1,0,1,0,0,1,0,0,0,0,0,0,1,1,1,0,0,1,1,0,0,0,0,0,0,1,1,0,0,0,1,0,0,0,"",1,1,1,0,1,1,1,1,1
"8:17-CV-00444","CACD",890,1,1,1,0,0,0,0,0,0,0,0,0,0,1,1,0,0,1,0,0,0,0,0,0,1,0,0,0,0,0,1,0,0,0,"",1,1,1,0,1,0,1,1,1
"8:17-CV-00561","CACD",890,1,0,1,0,0,0,0,0,0,0,0,0,0,0,0,0,0,0,0,0,0,0,0,0,0,0,0,0,0,0,0,0,1,0,"",1,1,0,0,0,0,1,1,1
"8:17-CV-00590","CACD",840,1,0,0,0,0,1,0,0,1,0,0,0,0,0,0,0,1,0,0,0,0,1,0,1,0,1,0,0,0,0,1,0,0,0,"",1,1,1,0,1,0,1,1,1
"8:17-CV-00635","MDD",890,1,0,1,0,0,0,0,0,0,0,0,0,1,1,1,0,0,0,0,0,0,0,0,0,0,1,1,0,0,0,1,0,0,0,"",0,1,1,0,1,0,5,3,1
"9:16-CV-80808","FLSD",820,1,0,1,0,0,0,0,1,1,0,0,0,1,0,0,0,1,0,0,0,0,1,0,0,0,0,0,1,0,0,0,0,1,0,"",1,0,0,0,0,0,1,1,1
"9:16-CV-80905","FLSD",890,1,1,1,0,0,0,0,0,0,0,0,0,1,1,1,0,0,1,0,1,1,0,0,0,1,0,0,1,0,0,0,0,1,0,"",0,1,1,0,1,0,1,1,1
"9:16-CV-81308","FLSD",840,1,0,1,0,0,0,0,0,1,0,0,0,1,1,0,0,1,1,1,0,0,0,1,0,0,1,1,0,0,0,1,0,0,0,"",1,0,1,0,1,0,2,3,1
"9:16-CV-81408","FLSD",890,1,0,1,0,0,1,0,0,0,0,0,0,1,0,1,0,0,0,1,0,1,1,0,0,0,1,0,0,0,0,1,0,0,0,"",1,1,1,1,1,1,3,3,1
"9:16-CV-81942","FLSD",820,1,0,1,0,0,0,0,1,1,0,0,0,1,0,0,0,1,0,0,0,0,1,0,0,0,0,0,1,0,0,1,1,0,0,"",1,1,1,0,0,0,2,2,2
"9:17-CV-00035","MTD",890,1,1,0,0,0,0,0,0,1,0,0,0,1,0,1,0,0,1,1,1,0,0,0,1,0,1,0,0,0,0,0,1,0,0,"",0,0,1,0,1,0,1,1,1
"9:17-CV-00055","MTD",890,1,1,1,0,0,0,0,0,0,0,0,0,1,1,0,1,0,0,1,0,0,0,0,0,1,0,0,0,0,0,1,0,0,0,"",0,1,1,0,1,0,3,2,1
"9:17-CV-80499","FLSD",820,1,0,1,0,0,0,0,1,0,0,0,0,1,0,0,0,0,0,0,0,0,0,0,0,0,0,0,1,0,0,0,0,1,0,"",1,0,1,0,0,0,1,1,1
